case_id,opened_date,closed_date,category,region,status,cycle_time_days,is_exception
OPS-101836,2024-09-21,2024-09-29,Billing Inquiry,Northeast,Closed,7.96,True
OPS-100743,2024-09-21,2024-09-25,Billing Inquiry,Southeast,Closed,4.49,False
OPS-101220,2024-09-21,2024-09-22,Data Correction,Southeast,Closed,1.09,False
OPS-101157,2024-09-21,2024-09-24,Eligibility Check,West,Closed,3.42,False
OPS-100997,2024-09-22,2024-09-25,Account Setup,West,Closed,2.96,False
OPS-100740,2024-09-22,2024-10-09,Renewal Processing,Northeast,Closed,16.97,False
OPS-100422,2024-09-23,2024-09-23,Billing Inquiry,Midwest,Closed,0.61,False
OPS-101616,2024-09-23,2024-09-27,Documentation Review,Northeast,Closed,4.23,False
OPS-100774,2024-09-23,2024-09-25,Eligibility Check,Southwest,Closed,2.66,False
OPS-101322,2024-09-23,2024-09-24,Account Setup,Southwest,Closed,1.63,False
OPS-101313,2024-09-23,2024-09-26,Renewal Processing,Midwest,Closed,3.4,False
OPS-100810,2024-09-23,2024-09-27,Billing Inquiry,West,Closed,4.13,False
OPS-100646,2024-09-23,2024-09-27,Billing Inquiry,West,Closed,4.93,False
OPS-101100,2024-09-24,2024-09-25,Renewal Processing,Midwest,Closed,1.73,False
OPS-100051,2024-09-24,2024-10-26,Dispute Resolution,Southeast,Closed,32.37,False
OPS-100594,2024-09-24,2024-09-26,Data Correction,Northeast,Closed,2.5,False
OPS-100534,2024-09-25,2024-09-25,Billing Inquiry,West,Closed,0.52,False
OPS-100765,2024-09-25,2024-09-29,Eligibility Check,West,Closed,4.14,False
OPS-101910,2024-09-25,2024-09-26,Billing Inquiry,Southeast,Closed,1.53,False
OPS-101951,2024-09-26,2024-10-03,Eligibility Check,Southwest,Closed,7.82,False
OPS-100394,2024-09-26,2024-09-28,Billing Inquiry,Southeast,Closed,2.58,False
OPS-100204,2024-09-26,2024-10-01,Data Correction,Southwest,Closed,5.93,False
OPS-102022,2024-09-26,2024-09-29,Billing Inquiry,Northeast,Closed,3.91,False
OPS-100518,2024-09-26,2024-09-26,Account Setup,Midwest,Closed,0.46,False
OPS-100840,2024-09-26,2024-09-27,Documentation Review,Southeast,Closed,1.24,False
OPS-102114,2024-09-26,2024-11-04,Account Setup,Northeast,Closed,39.12,False
OPS-100682,2024-09-27,2024-09-30,Eligibility Check,Northeast,Closed,3.84,False
OPS-101567,2024-09-27,2024-09-30,Billing Inquiry,Southwest,Closed,3.65,False
OPS-102051,2024-09-27,2024-10-01,Account Setup,Southwest,Closed,4.63,False
OPS-100238,2024-09-27,2024-09-28,Documentation Review,West,Closed,1.21,False
OPS-101948,2024-09-27,2024-09-29,Documentation Review,Northeast,Closed,2.22,False
OPS-100811,2024-09-27,2024-09-28,Data Correction,Southwest,Closed,1.34,False
OPS-100825,2024-09-27,2024-09-30,Account Setup,Midwest,Closed,3.34,True
OPS-100796,2024-09-28,2024-10-02,Service Request,Southwest,Closed,4.87,False
OPS-101928,2024-09-28,2024-10-07,Dispute Resolution,Midwest,Closed,9.52,False
OPS-101044,2024-09-29,2024-10-01,Account Setup,Southwest,Closed,1.95,False
OPS-100871,2024-09-30,2024-10-03,Renewal Processing,West,Closed,3.74,False
OPS-100269,2024-09-30,2024-10-02,Billing Inquiry,Midwest,Closed,2.04,False
OPS-100084,2024-09-30,2024-10-07,Billing Inquiry,Northeast,Closed,7.47,False
OPS-101893,2024-09-30,2024-10-02,Billing Inquiry,Southwest,Closed,2.36,False
OPS-100135,2024-09-30,2024-10-04,Service Request,Southwest,Closed,4.32,False
OPS-100149,2024-09-30,2024-10-02,Account Setup,Midwest,Closed,2.4,False
OPS-101901,2024-09-30,2024-10-03,Service Request,West,Closed,2.98,False
OPS-102030,2024-09-30,2024-10-04,Renewal Processing,Southeast,Closed,4.79,False
OPS-102037,2024-09-30,2024-10-01,Data Correction,Northeast,Closed,1.49,False
OPS-101068,2024-09-30,2024-10-06,Renewal Processing,Midwest,Closed,6.0,False
OPS-101720,2024-10-01,2024-10-02,Billing Inquiry,West,Closed,1.44,False
OPS-101204,2024-10-01,2024-10-02,Data Correction,Southeast,Closed,1.75,False
OPS-101355,2024-10-01,2024-10-19,Dispute Resolution,Northeast,Closed,18.51,False
OPS-100226,2024-10-01,2024-10-02,Account Setup,West,Closed,1.38,False
OPS-102129,2024-10-01,2024-10-04,Renewal Processing,Northeast,Closed,3.69,False
OPS-101317,2024-10-01,2024-10-02,Billing Inquiry,Southwest,Closed,1.28,False
OPS-100589,2024-10-01,2024-10-05,Documentation Review,Southeast,Closed,4.01,False
OPS-101742,2024-10-01,2024-10-02,Billing Inquiry,Southwest,Closed,1.85,False
OPS-100649,2024-10-02,2024-10-08,Documentation Review,Northeast,Closed,6.82,False
OPS-100971,2024-10-02,2024-10-02,Service Request,West,Closed,0.8,False
OPS-100794,2024-10-02,2024-10-03,Service Request,Midwest,Closed,1.8,False
OPS-100767,2024-10-02,2024-10-07,Billing Inquiry,Midwest,Closed,5.29,False
OPS-101728,2024-10-02,2024-10-11,Account Setup,West,Closed,9.22,False
OPS-100068,2024-10-02,2024-10-11,Dispute Resolution,Southwest,Closed,8.98,False
OPS-100414,2024-10-02,2024-10-03,Billing Inquiry,West,Closed,1.77,False
OPS-102079,2024-10-02,2024-10-04,Service Request,Northeast,Closed,2.0,False
OPS-101659,2024-10-03,2024-10-05,Account Setup,Southeast,Closed,1.96,False
OPS-102017,2024-10-03,2024-10-12,Account Setup,Southeast,Closed,9.09,False
OPS-101160,2024-10-03,2024-10-06,Billing Inquiry,Northeast,Closed,3.64,False
OPS-101840,2024-10-03,2024-10-13,Eligibility Check,Midwest,Closed,10.92,False
OPS-102151,2024-10-03,2024-10-03,Account Setup,Northeast,Closed,0.5,False
OPS-102121,2024-10-03,2024-10-09,Eligibility Check,Southwest,Closed,6.45,False
OPS-101619,2024-10-04,2024-10-07,Data Correction,Northeast,Closed,3.74,False
OPS-100421,2024-10-04,2024-11-14,Renewal Processing,West,Closed,41.84,False
OPS-101314,2024-10-04,2024-10-15,Renewal Processing,Southwest,Closed,11.69,False
OPS-100722,2024-10-04,2024-10-10,Billing Inquiry,West,Closed,6.81,False
OPS-101432,2024-10-04,2024-10-06,Service Request,Northeast,Closed,2.88,False
OPS-100163,2024-10-04,2024-10-05,Data Correction,Southwest,Closed,1.34,False
OPS-100632,2024-10-04,2024-10-08,Eligibility Check,West,Closed,4.64,False
OPS-100484,2024-10-04,2024-10-06,Billing Inquiry,Northeast,Closed,2.8,False
OPS-101381,2024-10-04,2024-10-10,Dispute Resolution,Midwest,Closed,6.17,False
OPS-101018,2024-10-05,2024-10-09,Billing Inquiry,Midwest,Closed,4.16,False
OPS-100434,2024-10-05,2024-10-09,Eligibility Check,Midwest,Closed,4.28,False
OPS-102096,2024-10-05,2024-10-05,Eligibility Check,Southwest,Closed,0.81,False
OPS-101363,2024-10-05,2024-10-06,Billing Inquiry,Midwest,Closed,1.36,False
OPS-102117,2024-10-05,2024-10-07,Dispute Resolution,Northeast,Closed,2.39,False
OPS-101385,2024-10-05,2024-10-06,Data Correction,Southeast,Closed,1.55,False
OPS-100619,2024-10-06,2024-11-15,Renewal Processing,Southeast,Closed,40.0,False
OPS-100725,2024-10-06,2024-10-11,Service Request,West,Closed,5.85,True
OPS-100124,2024-10-06,2024-10-08,Billing Inquiry,Southeast,Closed,2.18,False
OPS-100027,2024-10-07,2024-10-08,Account Setup,Northeast,Closed,1.16,False
OPS-101260,2024-10-07,2024-10-08,Eligibility Check,Northeast,Closed,1.22,False
OPS-100175,2024-10-07,2024-10-09,Account Setup,Northeast,Closed,2.07,False
OPS-100280,2024-10-07,2024-10-09,Eligibility Check,West,Closed,2.88,False
OPS-101939,2024-10-07,2024-10-12,Dispute Resolution,Southeast,Closed,4.98,False
OPS-100554,2024-10-07,2024-10-07,Data Correction,Midwest,Closed,0.33,False
OPS-100902,2024-10-07,2024-10-10,Renewal Processing,Southeast,Closed,3.16,False
OPS-100450,2024-10-07,2024-10-10,Renewal Processing,Southwest,Closed,3.07,False
OPS-102045,2024-10-07,2024-10-07,Billing Inquiry,Southwest,Closed,0.52,False
OPS-102159,2024-10-07,2024-10-10,Dispute Resolution,West,Closed,3.15,True
OPS-101389,2024-10-07,2024-10-09,Billing Inquiry,West,Closed,2.14,False
OPS-100758,2024-10-08,2024-10-11,Billing Inquiry,Southwest,Closed,3.36,False
OPS-100286,2024-10-08,2024-10-28,Dispute Resolution,Southwest,Closed,20.06,False
OPS-101441,2024-10-08,2024-10-11,Account Setup,Southwest,Closed,3.86,False
OPS-101205,2024-10-08,2024-10-09,Data Correction,Southwest,Closed,1.45,True
OPS-102010,2024-10-08,2024-10-11,Service Request,Southeast,Closed,3.9,False
OPS-100642,2024-10-08,2024-10-17,Documentation Review,Northeast,Closed,8.99,False
OPS-100634,2024-10-08,2024-10-11,Service Request,Midwest,Closed,3.05,False
OPS-101925,2024-10-08,2024-10-15,Account Setup,Northeast,Closed,7.38,False
OPS-100762,2024-10-08,2024-10-12,Account Setup,Southwest,Closed,4.0,False
OPS-101138,2024-10-09,2024-10-10,Billing Inquiry,Southwest,Closed,1.78,False
OPS-101731,2024-10-09,2024-10-11,Service Request,Northeast,Closed,2.67,False
OPS-100820,2024-10-09,2024-10-12,Documentation Review,Northeast,Closed,3.7,False
OPS-100987,2024-10-09,2024-10-09,Data Correction,Southeast,Closed,0.48,False
OPS-100423,2024-10-09,2024-10-11,Renewal Processing,Southeast,Closed,2.54,False
OPS-101156,2024-10-09,2024-10-12,Service Request,Southwest,Closed,3.48,False
OPS-101668,2024-10-09,2024-10-10,Service Request,Southwest,Closed,1.83,False
OPS-101485,2024-10-09,2024-10-17,Account Setup,Southeast,Closed,8.12,False
OPS-102059,2024-10-09,2024-10-11,Billing Inquiry,Southwest,Closed,2.34,False
OPS-100291,2024-10-09,2024-10-17,Documentation Review,Southeast,Closed,8.02,False
OPS-100731,2024-10-09,2024-10-09,Billing Inquiry,Southeast,Closed,0.24,False
OPS-101308,2024-10-09,2024-10-10,Service Request,Midwest,Closed,1.52,False
OPS-100270,2024-10-10,2024-10-21,Eligibility Check,Northeast,Closed,11.01,False
OPS-101899,2024-10-10,2024-10-19,Renewal Processing,Southeast,Closed,8.99,False
OPS-101243,2024-10-10,2024-10-21,Documentation Review,West,Closed,11.36,False
OPS-100512,2024-10-10,2024-10-14,Billing Inquiry,Midwest,Closed,4.47,False
OPS-100272,2024-10-10,2024-10-15,Dispute Resolution,Northeast,Closed,5.59,False
OPS-101725,2024-10-10,2024-10-11,Service Request,Northeast,Closed,1.51,False
OPS-100448,2024-10-10,2024-10-10,Service Request,Midwest,Closed,0.53,False
OPS-102193,2024-10-11,2024-10-12,Service Request,West,Closed,0.96,False
OPS-101393,2024-10-11,2024-10-12,Account Setup,Southwest,Closed,1.05,False
OPS-101591,2024-10-11,2024-10-11,Billing Inquiry,West,Closed,0.64,True
OPS-101490,2024-10-11,2024-10-11,Account Setup,Southeast,Closed,0.5,False
OPS-100428,2024-10-11,2024-10-13,Billing Inquiry,West,Closed,2.77,False
OPS-100734,2024-10-11,2024-10-14,Service Request,Northeast,Closed,3.19,False
OPS-100567,2024-10-11,2024-10-13,Service Request,Southwest,Closed,2.16,False
OPS-101229,2024-10-11,2024-10-15,Data Correction,Northeast,Closed,4.13,False
OPS-100074,2024-10-11,2024-10-11,Data Correction,Southeast,Closed,0.28,False
OPS-101000,2024-10-12,2024-10-27,Dispute Resolution,Southwest,Closed,15.44,False
OPS-101401,2024-10-13,2024-10-15,Account Setup,Midwest,Closed,2.34,False
OPS-101443,2024-10-13,2024-10-14,Billing Inquiry,Southeast,Closed,1.25,False
OPS-100017,2024-10-13,2024-10-14,Renewal Processing,West,Closed,1.78,False
OPS-101155,2024-10-14,2024-10-17,Documentation Review,Southeast,Closed,3.82,False
OPS-100258,2024-10-14,2024-10-15,Billing Inquiry,West,Closed,1.63,False
OPS-102196,2024-10-14,2024-10-16,Billing Inquiry,Southeast,Closed,2.69,False
OPS-100727,2024-10-14,2024-10-16,Service Request,Midwest,Closed,2.37,False
OPS-101219,2024-10-14,2024-10-14,Data Correction,Midwest,Closed,0.69,False
OPS-101898,2024-10-14,2024-10-15,Service Request,Southwest,Closed,0.99,False
OPS-100680,2024-10-14,2024-10-18,Billing Inquiry,Midwest,Closed,4.77,False
OPS-101481,2024-10-14,2024-10-15,Billing Inquiry,Southwest,Closed,1.61,False
OPS-101993,2024-10-15,2024-10-16,Data Correction,Southeast,Closed,1.42,True
OPS-101534,2024-10-15,2024-10-19,Billing Inquiry,Southeast,Closed,4.07,False
OPS-101765,2024-10-15,2024-10-15,Account Setup,West,Closed,0.41,False
OPS-101115,2024-10-15,2024-10-17,Account Setup,Southeast,Closed,2.35,False
OPS-100510,2024-10-16,2024-10-18,Renewal Processing,Southwest,Closed,2.92,False
OPS-101825,2024-10-16,2024-10-22,Renewal Processing,Southeast,Closed,6.37,False
OPS-101767,2024-10-16,2024-10-16,Account Setup,Southeast,Closed,0.4,False
OPS-101806,2024-10-16,2024-10-28,Eligibility Check,Midwest,Closed,12.21,False
OPS-100916,2024-10-16,2024-10-18,Account Setup,Southwest,Closed,2.03,False
OPS-101965,2024-10-16,2024-10-16,Billing Inquiry,Southwest,Closed,0.26,False
OPS-101907,2024-10-16,2024-10-16,Dispute Resolution,Southwest,Closed,0.58,False
OPS-101957,2024-10-17,2024-11-23,Account Setup,Southeast,Closed,37.13,False
OPS-101789,2024-10-17,2024-10-18,Renewal Processing,Southwest,Closed,1.04,False
OPS-100793,2024-10-17,2024-10-22,Eligibility Check,Northeast,Closed,5.66,False
OPS-101427,2024-10-17,2024-10-25,Service Request,West,Closed,8.9,False
OPS-100547,2024-10-18,2024-10-18,Billing Inquiry,Southeast,Closed,0.74,False
OPS-101566,2024-10-18,2024-10-26,Eligibility Check,Southeast,Closed,8.69,False
OPS-101375,2024-10-18,2024-10-20,Documentation Review,Midwest,Closed,2.09,False
OPS-100139,2024-10-18,2024-10-18,Account Setup,Southeast,Closed,0.87,True
OPS-100122,2024-10-19,2024-10-23,Documentation Review,Southwest,Closed,4.38,True
OPS-100560,2024-10-19,2024-10-23,Service Request,Southwest,Closed,4.62,False
OPS-100663,2024-10-20,2024-10-21,Account Setup,West,Closed,1.65,False
OPS-100627,2024-10-20,2024-10-23,Billing Inquiry,West,Closed,3.85,False
OPS-100338,2024-10-20,2024-10-23,Account Setup,West,Closed,3.11,False
OPS-100097,2024-10-21,2024-10-23,Account Setup,Midwest,Closed,2.06,False
OPS-101623,2024-10-21,2024-10-23,Account Setup,Southeast,Closed,2.18,False
OPS-101426,2024-10-21,2024-10-21,Data Correction,Southeast,Closed,0.83,True
OPS-101809,2024-10-21,2024-10-23,Service Request,Northeast,Closed,2.7,False
OPS-100363,2024-10-21,2024-10-25,Eligibility Check,Southwest,Closed,4.47,False
OPS-101182,2024-10-21,2024-10-21,Renewal Processing,Southeast,Closed,0.6,True
OPS-101990,2024-10-21,2024-10-25,Account Setup,Southwest,Closed,4.02,False
OPS-102128,2024-10-21,2024-10-22,Data Correction,Southeast,Closed,1.28,False
OPS-101763,2024-10-22,2024-10-24,Billing Inquiry,Southeast,Closed,2.03,False
OPS-100412,2024-10-22,2024-10-23,Eligibility Check,West,Closed,0.99,False
OPS-101169,2024-10-22,2024-10-25,Eligibility Check,Southeast,Closed,3.47,False
OPS-101455,2024-10-22,2024-10-23,Account Setup,Southeast,Closed,1.73,False
OPS-102063,2024-10-22,2024-10-22,Data Correction,Midwest,Closed,0.83,False
OPS-101040,2024-10-22,2024-10-24,Data Correction,West,Closed,2.33,False
OPS-100454,2024-10-22,2024-10-24,Eligibility Check,West,Closed,2.53,False
OPS-100085,2024-10-22,2024-10-26,Account Setup,West,Closed,4.4,False
OPS-102149,2024-10-22,2024-10-26,Data Correction,Southwest,Closed,4.07,False
OPS-101152,2024-10-23,2024-10-31,Account Setup,Northeast,Closed,8.54,False
OPS-101132,2024-10-23,2024-10-27,Account Setup,Northeast,Closed,4.59,False
OPS-100336,2024-10-23,2024-11-09,Dispute Resolution,Southwest,Closed,17.36,True
OPS-101706,2024-10-23,2024-10-24,Data Correction,Northeast,Closed,1.38,False
OPS-100349,2024-10-23,2024-10-23,Billing Inquiry,West,Closed,0.52,True
OPS-100920,2024-10-23,2024-10-24,Billing Inquiry,West,Closed,1.94,False
OPS-100187,2024-10-23,2024-10-25,Account Setup,Northeast,Closed,2.24,False
OPS-101296,2024-10-23,2024-10-26,Service Request,West,Closed,3.49,False
OPS-100844,2024-10-23,2024-11-03,Dispute Resolution,Midwest,Closed,11.5,False
OPS-101835,2024-10-23,2024-10-23,Documentation Review,West,Closed,0.61,False
OPS-100004,2024-10-23,2024-10-23,Billing Inquiry,Midwest,Closed,0.71,False
OPS-101370,2024-10-23,2024-10-27,Dispute Resolution,Northeast,Closed,4.93,False
OPS-100108,2024-10-23,2024-10-25,Service Request,Southeast,Closed,2.63,False
OPS-101407,2024-10-23,2024-10-27,Billing Inquiry,Southwest,Closed,4.25,False
OPS-102146,2024-10-23,2024-11-02,Dispute Resolution,Southwest,Closed,10.57,False
OPS-100939,2024-10-24,2024-10-28,Documentation Review,Southwest,Closed,4.23,False
OPS-102156,2024-10-24,2024-10-27,Renewal Processing,Midwest,Closed,3.43,False
OPS-100893,2024-10-24,2024-10-24,Renewal Processing,Northeast,Closed,0.72,False
OPS-101641,2024-10-24,2024-10-30,Service Request,Northeast,Closed,6.5,False
OPS-101340,2024-10-24,2024-10-24,Data Correction,Southeast,Closed,0.49,False
OPS-101250,2024-10-24,2024-10-26,Service Request,Southeast,Closed,2.48,False
OPS-102034,2024-10-24,2024-10-24,Account Setup,Northeast,Closed,0.92,False
OPS-100293,2024-10-24,2024-10-29,Renewal Processing,West,Closed,5.06,False
OPS-100868,2024-10-24,2024-11-02,Dispute Resolution,Northeast,Closed,9.25,False
OPS-101235,2024-10-24,2024-10-24,Service Request,Midwest,Closed,0.87,False
OPS-101935,2024-10-25,2024-10-26,Account Setup,Southwest,Closed,1.88,False
OPS-100128,2024-10-25,2024-10-30,Service Request,Southwest,Closed,5.27,False
OPS-100864,2024-10-25,2024-10-26,Documentation Review,Northeast,Closed,1.64,False
OPS-100717,2024-10-25,2024-10-26,Data Correction,Northeast,Closed,1.44,False
OPS-100724,2024-10-25,2024-10-28,Account Setup,Midwest,Closed,3.76,False
OPS-101277,2024-10-25,2024-11-07,Renewal Processing,West,Closed,13.17,False
OPS-100289,2024-10-25,2024-10-28,Service Request,Southeast,Closed,3.11,False
OPS-100408,2024-10-26,2024-10-28,Service Request,Southeast,Closed,2.12,False
OPS-100582,2024-10-26,2024-10-29,Service Request,Southwest,Closed,3.31,False
OPS-100257,2024-10-26,2024-10-28,Account Setup,Southeast,Closed,2.45,False
OPS-100229,2024-10-26,2024-11-02,Dispute Resolution,Northeast,Closed,7.4,False
OPS-101251,2024-10-27,2024-10-31,Eligibility Check,Southwest,Closed,4.13,False
OPS-101472,2024-10-27,2024-10-28,Billing Inquiry,Midwest,Closed,0.96,False
OPS-100160,2024-10-27,2024-10-28,Data Correction,Midwest,Closed,1.29,False
OPS-101574,2024-10-28,2024-11-01,Dispute Resolution,Southwest,Closed,4.22,False
OPS-100732,2024-10-28,2024-10-30,Service Request,Midwest,Closed,2.1,False
OPS-100907,2024-10-28,2024-10-31,Service Request,Northeast,Closed,3.15,False
OPS-100239,2024-10-28,2024-11-04,Dispute Resolution,Southeast,Closed,7.42,False
OPS-100154,2024-10-28,2024-11-01,Documentation Review,West,Closed,4.35,True
OPS-100403,2024-10-28,2024-11-02,Dispute Resolution,West,Closed,5.79,False
OPS-100768,2024-10-28,2024-12-04,Service Request,Southeast,Closed,37.73,False
OPS-102118,2024-10-28,2024-11-01,Data Correction,Northeast,Closed,4.28,False
OPS-102021,2024-10-28,2024-10-31,Account Setup,Southeast,Closed,3.91,False
OPS-100635,2024-10-28,2024-10-31,Service Request,Midwest,Closed,3.08,True
OPS-101516,2024-10-28,2024-11-04,Dispute Resolution,Southeast,Closed,7.66,False
OPS-100268,2024-10-29,2024-11-02,Service Request,Midwest,Closed,4.03,False
OPS-100741,2024-10-29,2024-10-29,Billing Inquiry,Southwest,Closed,0.7,False
OPS-100059,2024-10-29,2024-11-04,Documentation Review,Northeast,Closed,6.64,False
OPS-101252,2024-10-29,2024-10-29,Account Setup,Southwest,Closed,0.93,False
OPS-102190,2024-10-29,2024-11-04,Billing Inquiry,Southeast,Closed,6.81,False
OPS-100607,2024-10-29,2024-11-05,Dispute Resolution,Southeast,Closed,7.57,False
OPS-101121,2024-10-29,2024-11-02,Documentation Review,Northeast,Closed,3.96,True
OPS-101349,2024-10-30,2024-11-01,Data Correction,West,Closed,2.39,False
OPS-102004,2024-10-30,2024-11-15,Dispute Resolution,Southwest,Closed,16.11,False
OPS-101106,2024-10-30,2024-11-01,Account Setup,West,Closed,2.45,False
OPS-101392,2024-10-30,2024-10-31,Data Correction,Northeast,Closed,1.28,False
OPS-100472,2024-10-30,2024-11-03,Documentation Review,West,Closed,4.3,False
OPS-100098,2024-10-30,2024-10-31,Account Setup,Southwest,Closed,1.06,False
OPS-101181,2024-10-30,2024-10-30,Data Correction,Northeast,Closed,0.79,False
OPS-100362,2024-10-30,2024-11-07,Dispute Resolution,Southwest,Closed,8.88,False
OPS-100388,2024-10-30,2024-11-02,Eligibility Check,Midwest,Closed,3.94,False
OPS-101684,2024-10-30,2024-11-03,Renewal Processing,Northeast,Closed,4.07,False
OPS-100972,2024-10-30,,Service Request,West,Open,,False
OPS-100509,2024-10-30,2024-10-31,Service Request,Midwest,Closed,1.82,False
OPS-100192,2024-10-31,2024-11-11,Documentation Review,West,Closed,11.13,False
OPS-101254,2024-10-31,2024-10-31,Renewal Processing,Midwest,Closed,0.91,False
OPS-101764,2024-10-31,2024-11-12,Documentation Review,West,Closed,12.63,False
OPS-100208,2024-10-31,2024-10-31,Billing Inquiry,Northeast,Closed,0.73,False
OPS-100524,2024-10-31,2024-10-31,Billing Inquiry,Midwest,Closed,0.62,False
OPS-100937,2024-10-31,2024-11-03,Account Setup,Midwest,Closed,3.77,False
OPS-100361,2024-10-31,2024-11-04,Service Request,Southwest,Closed,4.51,False
OPS-100391,2024-10-31,2024-11-01,Data Correction,West,Closed,1.76,False
OPS-101531,2024-11-01,2024-11-03,Renewal Processing,Southwest,Closed,2.5,True
OPS-101886,2024-11-01,2024-11-03,Eligibility Check,Southwest,Closed,2.0,False
OPS-100436,2024-11-01,2024-11-06,Eligibility Check,Midwest,Closed,5.31,False
OPS-100963,2024-11-01,2024-11-06,Service Request,Midwest,Closed,5.17,False
OPS-101414,2024-11-01,2024-11-01,Service Request,West,Closed,0.84,False
OPS-102098,2024-11-01,2024-11-03,Eligibility Check,Southwest,Closed,2.73,True
OPS-101039,2024-11-01,2024-11-06,Billing Inquiry,Midwest,Closed,5.03,True
OPS-100217,2024-11-01,2024-11-10,Eligibility Check,Southwest,Closed,9.93,False
OPS-100618,2024-11-01,2024-11-07,Documentation Review,Northeast,Closed,6.84,False
OPS-100814,2024-11-01,2024-11-01,Billing Inquiry,Southwest,Closed,0.79,False
OPS-100804,2024-11-01,2024-11-02,Account Setup,Midwest,Closed,1.66,False
OPS-101002,2024-11-02,2024-11-06,Renewal Processing,Southwest,Closed,4.69,False
OPS-100008,2024-11-02,2024-11-02,Account Setup,Southwest,Closed,0.84,False
OPS-101673,2024-11-02,2024-11-03,Account Setup,Northeast,Closed,1.11,False
OPS-101274,2024-11-02,2024-11-05,Eligibility Check,Southwest,Closed,3.15,False
OPS-100036,2024-11-03,2024-11-09,Account Setup,Southeast,Closed,6.05,False
OPS-102058,2024-11-03,2024-11-03,Renewal Processing,Northeast,Closed,0.79,False
OPS-100216,2024-11-03,,Billing Inquiry,Southeast,Open,,False
OPS-100887,2024-11-03,2024-11-06,Eligibility Check,Midwest,Closed,3.3,False
OPS-102101,2024-11-03,2024-11-04,Service Request,Northeast,Closed,1.76,False
OPS-101550,2024-11-03,2024-11-11,Account Setup,West,Closed,8.44,False
OPS-101051,2024-11-03,2024-11-05,Eligibility Check,Southeast,Closed,2.68,False
OPS-101768,2024-11-04,2024-11-16,Documentation Review,West,Closed,12.73,False
OPS-100473,2024-11-04,2024-11-15,Eligibility Check,Southeast,Closed,11.13,False
OPS-101802,2024-11-04,2024-11-06,Data Correction,Northeast,Closed,2.65,False
OPS-100334,2024-11-04,2024-11-09,Renewal Processing,Southeast,Closed,5.95,False
OPS-101239,2024-11-04,2024-11-13,Service Request,Midwest,Closed,9.04,True
OPS-100301,2024-11-04,2024-11-06,Service Request,Northeast,Closed,2.93,True
OPS-101510,2024-11-04,2024-11-04,Data Correction,Southeast,Closed,0.62,False
OPS-100962,2024-11-04,2024-11-04,Account Setup,West,Closed,0.91,True
OPS-101653,2024-11-04,2024-11-08,Documentation Review,Northeast,Closed,4.86,False
OPS-100206,2024-11-04,2024-11-05,Eligibility Check,Southwest,Closed,1.82,False
OPS-100678,2024-11-04,2024-11-09,Eligibility Check,Southeast,Closed,5.01,False
OPS-100340,2024-11-05,2024-11-10,Eligibility Check,Midwest,Closed,5.65,False
OPS-101367,2024-11-05,2024-11-07,Eligibility Check,Northeast,Closed,2.01,False
OPS-100763,2024-11-05,2024-11-07,Service Request,West,Closed,2.15,False
OPS-102012,2024-11-05,2024-11-08,Eligibility Check,Midwest,Closed,3.63,False
OPS-100670,2024-11-05,2024-11-09,Service Request,Southeast,Closed,4.75,False
OPS-100058,2024-11-05,2024-11-06,Account Setup,Southeast,Closed,1.86,False
OPS-101104,2024-11-05,2024-11-09,Service Request,Southwest,Closed,3.99,False
OPS-100917,2024-11-05,2024-11-06,Service Request,Northeast,Closed,1.7,False
OPS-101188,2024-11-05,,Documentation Review,Southwest,Open,,False
OPS-100049,2024-11-05,2024-11-14,Documentation Review,Midwest,Closed,9.35,False
OPS-101053,2024-11-05,2024-11-11,Eligibility Check,Southeast,Closed,6.04,False
OPS-101116,2024-11-05,2024-11-11,Dispute Resolution,Northeast,Closed,6.28,False
OPS-100309,2024-11-05,2024-11-05,Service Request,Southeast,Closed,0.87,False
OPS-100416,2024-11-06,2024-11-09,Billing Inquiry,Southwest,Closed,3.71,False
OPS-100263,2024-11-06,2024-11-11,Service Request,Southeast,Closed,5.11,False
OPS-102007,2024-11-06,2024-11-07,Account Setup,Northeast,Closed,1.84,False
OPS-100203,2024-11-06,2024-11-10,Data Correction,Midwest,Closed,4.83,False
OPS-102183,2024-11-06,2024-11-09,Eligibility Check,Southwest,Closed,3.48,False
OPS-101601,2024-11-06,2024-11-10,Billing Inquiry,Southeast,Closed,4.06,False
OPS-100544,2024-11-06,2024-11-18,Documentation Review,West,Closed,12.16,False
OPS-100230,2024-11-06,2024-11-08,Data Correction,Southeast,Closed,2.32,False
OPS-101756,2024-11-06,2024-11-10,Renewal Processing,Southwest,Closed,4.49,False
OPS-100152,2024-11-06,2024-11-14,Billing Inquiry,Southeast,Closed,8.38,True
OPS-100805,2024-11-06,2024-11-10,Dispute Resolution,Northeast,Closed,4.88,False
OPS-101150,2024-11-06,2024-11-07,Account Setup,Midwest,Closed,1.42,False
OPS-100468,2024-11-07,2024-11-11,Service Request,Southwest,Closed,4.28,False
OPS-100375,2024-11-07,2024-11-11,Service Request,West,Closed,4.62,False
OPS-100461,2024-11-07,2024-11-11,Documentation Review,Southeast,Closed,4.59,False
OPS-100127,2024-11-07,2024-11-13,Billing Inquiry,West,Closed,6.89,False
OPS-101164,2024-11-07,2024-11-07,Billing Inquiry,Southwest,Closed,0.74,False
OPS-102048,2024-11-07,2024-11-08,Billing Inquiry,West,Closed,1.94,False
OPS-101528,2024-11-07,2024-11-11,Service Request,Southwest,Closed,4.52,False
OPS-100260,2024-11-07,2024-11-07,Data Correction,Southwest,Closed,0.86,False
OPS-102008,2024-11-08,2024-11-13,Eligibility Check,Northeast,Closed,5.41,False
OPS-101003,2024-11-08,2024-11-08,Service Request,Southeast,Closed,0.87,False
OPS-100194,2024-11-08,2024-11-08,Service Request,Northeast,Closed,0.87,False
OPS-101914,2024-11-08,2024-11-14,Dispute Resolution,Southeast,Closed,6.86,False
OPS-100848,2024-11-08,2024-11-15,Renewal Processing,West,Closed,7.8,False
OPS-100090,2024-11-08,2024-11-15,Renewal Processing,West,Closed,7.12,False
OPS-102173,2024-11-08,2024-11-08,Billing Inquiry,West,Closed,0.61,False
OPS-100551,2024-11-08,2024-11-23,Dispute Resolution,Northeast,Closed,14.99,True
OPS-101989,2024-11-08,2024-11-17,Eligibility Check,Midwest,Closed,9.07,False
OPS-100984,2024-11-08,2024-11-08,Account Setup,Midwest,Closed,0.17,False
OPS-100761,2024-11-08,2024-11-11,Renewal Processing,Southeast,Closed,3.15,False
OPS-100522,2024-11-09,2024-11-23,Documentation Review,West,Closed,14.0,False
OPS-100028,2024-11-09,2024-11-11,Account Setup,Southwest,Closed,2.4,False
OPS-101783,2024-11-09,2024-11-10,Billing Inquiry,Midwest,Closed,1.48,False
OPS-101110,2024-11-09,2024-11-09,Renewal Processing,West,Closed,0.11,False
OPS-101153,2024-11-09,2024-11-13,Billing Inquiry,Midwest,Closed,4.21,False
OPS-101518,2024-11-09,2024-11-12,Renewal Processing,Northeast,Closed,3.37,False
OPS-101963,2024-11-09,2024-11-18,Documentation Review,Southwest,Closed,9.84,False
OPS-101842,2024-11-09,2024-11-10,Account Setup,Southwest,Closed,1.65,False
OPS-101442,2024-11-09,2024-11-09,Data Correction,Midwest,Closed,0.45,False
OPS-100267,2024-11-09,2024-11-14,Service Request,Midwest,Closed,5.13,False
OPS-100702,2024-11-10,2024-11-14,Account Setup,Southeast,Closed,4.84,False
OPS-101395,2024-11-10,2024-11-12,Renewal Processing,Southwest,Closed,2.05,False
OPS-101903,2024-11-10,2024-11-13,Billing Inquiry,Southwest,Closed,3.63,False
OPS-100441,2024-11-10,2024-11-22,Dispute Resolution,Southeast,Closed,12.7,False
OPS-100374,2024-11-11,2024-11-13,Eligibility Check,Midwest,Closed,2.87,False
OPS-101329,2024-11-11,2024-11-14,Eligibility Check,West,Closed,3.83,False
OPS-101433,2024-11-11,2024-12-04,Documentation Review,Southwest,Closed,23.07,False
OPS-100926,2024-11-11,,Eligibility Check,West,Open,,False
OPS-100088,2024-11-11,2024-11-13,Billing Inquiry,Midwest,Closed,2.01,False
OPS-100953,2024-11-11,,Account Setup,Southeast,Open,,False
OPS-100265,2024-11-12,2024-12-12,Dispute Resolution,Southwest,Closed,30.93,False
OPS-102109,2024-11-12,2024-11-13,Service Request,West,Closed,1.18,False
OPS-100888,2024-11-12,2024-11-12,Eligibility Check,Southeast,Closed,0.21,False
OPS-101359,2024-11-12,2024-11-14,Eligibility Check,Southwest,Closed,2.03,False
OPS-100777,2024-11-12,2024-11-14,Service Request,Northeast,Closed,2.0,False
OPS-100174,2024-11-12,2024-11-16,Documentation Review,Northeast,Closed,4.0,False
OPS-100967,2024-11-12,2024-11-13,Billing Inquiry,Southeast,Closed,1.43,False
OPS-100924,2024-11-12,2024-11-12,Billing Inquiry,Southeast,Closed,0.28,True
OPS-101660,2024-11-12,2024-11-17,Eligibility Check,West,Closed,5.8,True
OPS-100537,2024-11-12,2024-11-13,Eligibility Check,West,Closed,1.76,False
OPS-100797,2024-11-12,2024-11-12,Billing Inquiry,West,Closed,0.41,False
OPS-101780,2024-11-13,2024-11-13,Account Setup,Southwest,Closed,0.88,False
OPS-100538,2024-11-13,2024-11-16,Service Request,Southwest,Closed,3.27,False
OPS-101844,2024-11-13,2024-11-18,Eligibility Check,West,Closed,5.56,False
OPS-101761,2024-11-13,2024-11-14,Account Setup,West,Closed,1.65,False
OPS-101099,2024-11-13,2024-11-14,Account Setup,Southwest,Closed,1.91,False
OPS-101469,2024-11-13,2024-11-14,Service Request,West,Closed,1.42,False
OPS-100083,2024-11-13,,Service Request,Southeast,Open,,False
OPS-101163,2024-11-13,2024-11-13,Service Request,Southeast,Closed,0.73,False
OPS-101589,2024-11-13,2024-11-18,Service Request,West,Closed,5.74,False
OPS-102185,2024-11-13,,Renewal Processing,Southeast,Open,,False
OPS-101297,2024-11-13,2024-11-23,Dispute Resolution,Northeast,Closed,10.89,False
OPS-100453,2024-11-14,2024-12-07,Dispute Resolution,West,Closed,23.32,False
OPS-100807,2024-11-14,2024-11-15,Account Setup,Midwest,Closed,1.84,False
OPS-100130,2024-11-14,2024-11-19,Service Request,West,Closed,4.96,False
OPS-100271,2024-11-14,2024-11-15,Data Correction,Northeast,Closed,1.16,False
OPS-101266,2024-11-14,2024-11-14,Service Request,Southwest,Closed,0.5,False
OPS-101224,2024-11-14,2024-11-15,Account Setup,Northeast,Closed,1.54,False
OPS-100351,2024-11-14,2024-11-15,Eligibility Check,Northeast,Closed,1.18,False
OPS-100515,2024-11-14,2024-11-15,Billing Inquiry,Northeast,Closed,1.49,False
OPS-101525,2024-11-15,2024-11-26,Dispute Resolution,Northeast,Closed,11.56,False
OPS-100114,2024-11-15,2024-11-20,Documentation Review,Southwest,Closed,5.02,False
OPS-101123,2024-11-15,2024-11-17,Data Correction,Northeast,Closed,2.78,False
OPS-100850,2024-11-15,2024-11-15,Data Correction,Southeast,Closed,0.7,True
OPS-101597,2024-11-15,2024-11-26,Dispute Resolution,Southwest,Closed,11.13,True
OPS-101974,2024-11-15,2024-11-18,Dispute Resolution,Northeast,Closed,3.69,False
OPS-100586,2024-11-15,2024-11-17,Service Request,Southwest,Closed,2.87,False
OPS-101543,2024-11-15,2024-11-21,Eligibility Check,Southwest,Closed,6.83,False
OPS-101911,2024-11-15,2024-11-17,Data Correction,West,Closed,2.26,True
OPS-102112,2024-11-15,2024-11-17,Billing Inquiry,Northeast,Closed,2.44,False
OPS-101943,2024-11-15,2024-11-22,Documentation Review,West,Closed,7.2,False
OPS-101184,2024-11-15,2024-11-17,Billing Inquiry,Southeast,Closed,2.02,False
OPS-101015,2024-11-15,2024-11-25,Dispute Resolution,Northeast,Closed,9.95,False
OPS-101238,2024-11-15,,Account Setup,West,Open,,True
OPS-101183,2024-11-15,2024-11-20,Eligibility Check,West,Closed,5.27,True
OPS-101895,2024-11-15,2024-11-17,Billing Inquiry,Southwest,Closed,2.14,False
OPS-100942,2024-11-16,2024-11-16,Renewal Processing,Midwest,Closed,0.94,False
OPS-100195,2024-11-16,2024-12-04,Renewal Processing,Midwest,Closed,18.23,False
OPS-100552,2024-11-16,2024-11-17,Data Correction,Northeast,Closed,1.02,True
OPS-101833,2024-11-16,2024-11-18,Eligibility Check,Northeast,Closed,2.02,False
OPS-100281,2024-11-17,2024-11-19,Billing Inquiry,Northeast,Closed,2.43,False
OPS-102083,2024-11-17,2024-11-20,Account Setup,West,Closed,3.85,False
OPS-101644,2024-11-18,2024-12-18,Renewal Processing,West,Closed,30.69,True
OPS-100715,2024-11-18,2024-11-19,Account Setup,West,Closed,1.44,False
OPS-100455,2024-11-18,2024-11-21,Renewal Processing,Southeast,Closed,3.5,True
OPS-102077,2024-11-18,2024-11-18,Data Correction,West,Closed,0.61,False
OPS-100898,2024-11-18,2024-11-21,Billing Inquiry,Southwest,Closed,3.84,False
OPS-101462,2024-11-18,2024-11-20,Data Correction,West,Closed,2.49,False
OPS-101887,2024-11-19,2024-11-20,Service Request,Midwest,Closed,0.98,False
OPS-100979,2024-11-19,2024-12-01,Eligibility Check,West,Closed,12.42,False
OPS-100035,2024-11-19,2024-11-21,Data Correction,Northeast,Closed,2.2,False
OPS-100588,2024-11-19,2024-12-08,Renewal Processing,Midwest,Closed,19.82,False
OPS-101368,2024-11-19,2024-11-21,Data Correction,West,Closed,2.54,False
OPS-101404,2024-11-19,2024-11-28,Renewal Processing,Southwest,Closed,9.16,False
OPS-101471,2024-11-19,2024-11-22,Service Request,Midwest,Closed,3.81,False
OPS-101627,2024-11-19,2024-11-21,Billing Inquiry,West,Closed,2.37,False
OPS-101336,2024-11-19,2024-11-21,Billing Inquiry,Southeast,Closed,2.74,False
OPS-100766,2024-11-19,2024-11-21,Billing Inquiry,Southeast,Closed,2.04,False
OPS-100662,2024-11-19,2024-11-23,Billing Inquiry,Midwest,Closed,4.56,False
OPS-101696,2024-11-19,2024-11-20,Billing Inquiry,Midwest,Closed,1.8,False
OPS-101590,2024-11-20,2024-11-24,Billing Inquiry,Northeast,Closed,4.48,False
OPS-102123,2024-11-20,2024-11-22,Account Setup,Northeast,Closed,2.59,False
OPS-101596,2024-11-20,2024-11-21,Service Request,Southwest,Closed,1.93,False
OPS-101195,2024-11-20,2024-11-28,Renewal Processing,Midwest,Closed,8.29,False
OPS-100443,2024-11-20,2024-11-21,Data Correction,West,Closed,1.17,False
OPS-101276,2024-11-20,2024-11-21,Data Correction,Midwest,Closed,1.78,False
OPS-101628,2024-11-20,2024-11-22,Renewal Processing,Southeast,Closed,2.9,False
OPS-101232,2024-11-20,2024-11-23,Renewal Processing,West,Closed,2.96,False
OPS-100025,2024-11-20,2024-11-21,Billing Inquiry,Southwest,Closed,1.66,True
OPS-101444,2024-11-20,2024-11-23,Account Setup,Northeast,Closed,3.08,False
OPS-101109,2024-11-20,2024-11-21,Account Setup,Southeast,Closed,1.23,False
OPS-100198,2024-11-21,2024-11-22,Account Setup,Northeast,Closed,1.76,False
OPS-102081,2024-11-21,2024-11-23,Documentation Review,Northeast,Closed,2.48,False
OPS-100050,2024-11-21,2024-11-23,Eligibility Check,Southeast,Closed,2.83,False
OPS-101519,2024-11-21,2024-11-22,Eligibility Check,Southeast,Closed,1.88,False
OPS-100884,2024-11-21,2024-11-25,Dispute Resolution,Southwest,Closed,3.97,True
OPS-100851,2024-11-21,2024-11-23,Account Setup,Midwest,Closed,2.28,False
OPS-100212,2024-11-21,2024-11-30,Documentation Review,Southwest,Closed,9.25,False
OPS-101046,2024-11-21,2024-11-22,Documentation Review,Midwest,Closed,1.58,False
OPS-100418,2024-11-21,2024-11-25,Data Correction,Northeast,Closed,4.2,False
OPS-101511,2024-11-21,2024-11-27,Dispute Resolution,Northeast,Closed,6.69,False
OPS-100869,2024-11-22,2024-11-23,Eligibility Check,Southeast,Closed,1.45,False
OPS-101751,2024-11-22,2024-11-24,Renewal Processing,Southwest,Closed,2.47,False
OPS-101867,2024-11-22,2024-11-24,Service Request,Northeast,Closed,2.84,False
OPS-101915,2024-11-22,2024-11-23,Billing Inquiry,Midwest,Closed,1.6,False
OPS-101057,2024-11-22,2024-11-26,Billing Inquiry,Southwest,Closed,4.52,False
OPS-100681,2024-11-22,2024-11-25,Account Setup,Southeast,Closed,3.6,False
OPS-101449,2024-11-22,2024-11-25,Data Correction,Midwest,Closed,3.01,False
OPS-100897,2024-11-22,2024-11-23,Documentation Review,Northeast,Closed,1.3,False
OPS-100331,2024-11-22,2024-11-23,Service Request,Southwest,Closed,1.66,False
OPS-100111,2024-11-22,2024-11-24,Account Setup,Southeast,Closed,2.34,False
OPS-101643,2024-11-22,2024-11-24,Service Request,Midwest,Closed,2.23,False
OPS-102130,2024-11-22,2024-11-24,Account Setup,Southeast,Closed,2.51,False
OPS-100435,2024-11-22,2024-11-28,Documentation Review,Midwest,Closed,6.89,False
OPS-101946,2024-11-22,2024-11-23,Account Setup,Midwest,Closed,1.22,False
OPS-101434,2024-11-23,2024-11-27,Service Request,West,Closed,4.87,False
OPS-101247,2024-11-23,2024-11-27,Dispute Resolution,Southwest,Closed,4.2,False
OPS-100935,2024-11-24,2024-11-27,Dispute Resolution,Southeast,Closed,3.25,False
OPS-101179,2024-11-24,2024-12-01,Renewal Processing,Northeast,Closed,7.08,False
OPS-100969,2024-11-24,2024-11-26,Service Request,West,Closed,2.28,False
OPS-101236,2024-11-24,2024-11-28,Billing Inquiry,Midwest,Closed,4.49,False
OPS-100736,2024-11-24,2024-11-25,Billing Inquiry,Southwest,Closed,1.92,False
OPS-101620,2024-11-24,2024-12-27,Dispute Resolution,West,Closed,33.77,False
OPS-101762,2024-11-25,2024-11-30,Service Request,Southeast,Closed,5.79,False
OPS-100854,2024-11-25,2024-11-27,Service Request,West,Closed,2.88,False
OPS-101663,2024-11-25,2024-11-30,Documentation Review,West,Closed,5.53,False
OPS-100535,2024-11-25,2024-11-26,Eligibility Check,Southeast,Closed,1.9,False
OPS-100993,2024-11-25,2024-11-27,Service Request,Southeast,Closed,2.2,False
OPS-101221,2024-11-25,2024-11-27,Documentation Review,Southeast,Closed,2.56,False
OPS-102093,2024-11-26,2024-12-02,Service Request,West,Closed,6.53,False
OPS-101230,2024-11-26,2024-11-29,Service Request,Northeast,Closed,3.01,False
OPS-101234,2024-11-26,2024-11-29,Account Setup,Southwest,Closed,3.87,False
OPS-101979,2024-11-26,2024-11-28,Data Correction,West,Closed,2.18,True
OPS-100070,2024-11-26,2024-11-28,Service Request,Northeast,Closed,2.48,False
OPS-101508,2024-11-26,2024-11-26,Documentation Review,Northeast,Closed,0.82,False
OPS-101737,2024-11-26,2024-11-29,Service Request,West,Closed,2.99,False
OPS-101366,2024-11-26,,Data Correction,Southeast,Open,,False
OPS-101792,2024-11-26,2024-11-27,Account Setup,Southeast,Closed,1.07,False
OPS-101834,2024-11-26,2024-11-28,Account Setup,Northeast,Closed,2.29,False
OPS-100790,2024-11-26,2024-12-14,Dispute Resolution,Southeast,Closed,18.56,False
OPS-101615,2024-11-26,2024-11-27,Documentation Review,West,Closed,1.39,False
OPS-101300,2024-11-26,2024-11-30,Documentation Review,West,Closed,4.06,False
OPS-101096,2024-11-27,2024-11-30,Dispute Resolution,West,Closed,3.53,False
OPS-101196,2024-11-27,2024-11-27,Account Setup,West,Closed,0.5,False
OPS-101975,2024-11-27,2024-12-04,Eligibility Check,Northeast,Closed,7.64,False
OPS-101721,2024-11-27,2024-11-29,Data Correction,Southwest,Closed,1.96,False
OPS-100481,2024-11-27,2024-11-29,Data Correction,Southeast,Closed,2.59,False
OPS-101178,2024-11-27,2024-11-28,Eligibility Check,Southeast,Closed,1.42,False
OPS-101436,2024-11-27,2024-11-28,Data Correction,West,Closed,1.52,False
OPS-101856,2024-11-28,2024-11-30,Billing Inquiry,Southwest,Closed,2.84,False
OPS-101456,2024-11-28,2024-11-29,Account Setup,Southwest,Closed,1.75,False
OPS-101940,2024-11-28,2024-12-02,Documentation Review,Midwest,Closed,4.91,True
OPS-100487,2024-11-28,2024-11-29,Service Request,Northeast,Closed,1.15,False
OPS-101810,2024-11-28,2024-12-02,Billing Inquiry,Southeast,Closed,4.1,False
OPS-101924,2024-11-28,2024-12-04,Renewal Processing,West,Closed,6.94,False
OPS-101575,2024-11-28,2024-11-30,Eligibility Check,Midwest,Closed,2.61,False
OPS-101656,2024-11-28,2024-11-29,Data Correction,Southeast,Closed,1.08,False
OPS-101667,2024-11-29,2024-12-03,Billing Inquiry,Midwest,Closed,4.38,False
OPS-101890,2024-11-29,2024-11-29,Account Setup,Southeast,Closed,0.4,False
OPS-101467,2024-11-29,2024-12-02,Account Setup,Midwest,Closed,3.1,False
OPS-100038,2024-11-29,2024-12-05,Documentation Review,Southwest,Closed,6.06,False
OPS-100162,2024-11-29,2024-11-29,Eligibility Check,West,Closed,0.16,False
OPS-100015,2024-11-29,2024-12-01,Account Setup,Southeast,Closed,2.04,False
OPS-100205,2024-11-29,2024-11-29,Billing Inquiry,Southwest,Closed,0.46,False
OPS-101850,2024-11-29,2024-12-01,Renewal Processing,Midwest,Closed,1.96,False
OPS-100755,2024-11-29,2024-12-02,Billing Inquiry,Northeast,Closed,3.63,False
OPS-101741,2024-11-29,2024-11-29,Billing Inquiry,West,Closed,0.37,False
OPS-101483,2024-11-29,2024-12-03,Eligibility Check,Midwest,Closed,4.54,False
OPS-100312,2024-11-30,2024-11-30,Account Setup,West,Closed,0.89,False
OPS-100827,2024-11-30,2024-12-01,Data Correction,West,Closed,1.48,False
OPS-100242,2024-12-01,2024-12-03,Billing Inquiry,Midwest,Closed,2.53,False
OPS-100073,2024-12-01,2024-12-01,Data Correction,West,Closed,0.18,False
OPS-100555,2024-12-01,2024-12-08,Dispute Resolution,Northeast,Closed,7.04,False
OPS-101685,2024-12-02,2024-12-06,Account Setup,Southeast,Closed,4.93,False
OPS-101604,2024-12-02,2024-12-03,Account Setup,West,Closed,1.38,False
OPS-100653,2024-12-02,2024-12-04,Billing Inquiry,West,Closed,2.23,False
OPS-101813,2024-12-02,2024-12-02,Account Setup,West,Closed,0.27,False
OPS-100643,2024-12-02,2024-12-03,Billing Inquiry,Midwest,Closed,1.36,False
OPS-100254,2024-12-02,2024-12-09,Service Request,West,Closed,7.24,False
OPS-101554,2024-12-02,2024-12-04,Eligibility Check,Southwest,Closed,2.3,False
OPS-100282,2024-12-02,2024-12-07,Account Setup,Northeast,Closed,5.54,False
OPS-101440,2024-12-02,2024-12-28,Billing Inquiry,Southwest,Closed,26.78,False
OPS-100692,2024-12-02,2024-12-05,Service Request,Midwest,Closed,3.35,False
OPS-100770,2024-12-03,2024-12-05,Eligibility Check,West,Closed,2.04,False
OPS-101541,2024-12-03,2024-12-05,Billing Inquiry,Southwest,Closed,2.83,False
OPS-102119,2024-12-03,2024-12-11,Documentation Review,Northeast,Closed,8.53,False
OPS-101546,2024-12-03,2024-12-04,Billing Inquiry,West,Closed,1.41,False
OPS-100752,2024-12-03,2024-12-05,Account Setup,Midwest,Closed,2.42,False
OPS-101090,2024-12-03,2024-12-12,Documentation Review,Midwest,Closed,9.35,False
OPS-102099,2024-12-03,2024-12-05,Service Request,Midwest,Closed,2.39,False
OPS-101983,2024-12-03,2024-12-04,Eligibility Check,Southeast,Closed,1.73,False
OPS-100415,2024-12-03,2024-12-05,Eligibility Check,Southeast,Closed,2.08,False
OPS-100191,2024-12-03,2024-12-04,Dispute Resolution,Southeast,Closed,1.42,False
OPS-100700,2024-12-03,2024-12-04,Documentation Review,West,Closed,1.88,False
OPS-100426,2024-12-03,2024-12-04,Service Request,Southwest,Closed,1.8,False
OPS-100561,2024-12-04,2024-12-10,Renewal Processing,West,Closed,6.27,False
OPS-101080,2024-12-04,2024-12-05,Service Request,Southeast,Closed,1.37,False
OPS-101638,2024-12-04,2024-12-10,Dispute Resolution,Northeast,Closed,6.36,False
OPS-100945,2024-12-04,2024-12-06,Service Request,Southwest,Closed,2.75,False
OPS-101784,2024-12-04,2024-12-08,Documentation Review,Midwest,Closed,4.29,False
OPS-101740,2024-12-04,2024-12-04,Account Setup,Midwest,Closed,0.91,False
OPS-100726,2024-12-04,2024-12-06,Service Request,West,Closed,2.79,False
OPS-100952,2024-12-04,2024-12-16,Documentation Review,Southwest,Closed,12.16,False
OPS-101938,2024-12-04,2024-12-05,Service Request,Northeast,Closed,1.92,False
OPS-100892,2024-12-04,2024-12-06,Data Correction,Midwest,Closed,1.95,False
OPS-100951,2024-12-05,2024-12-07,Service Request,Midwest,Closed,2.52,False
OPS-100283,2024-12-05,2024-12-06,Billing Inquiry,Northeast,Closed,1.94,False
OPS-101692,2024-12-05,2024-12-16,Eligibility Check,Northeast,Closed,11.04,False
OPS-101049,2024-12-05,2024-12-07,Eligibility Check,Midwest,Closed,2.46,False
OPS-102023,2024-12-05,2024-12-06,Account Setup,Southwest,Closed,1.03,False
OPS-100253,2024-12-05,2024-12-12,Dispute Resolution,Southwest,Closed,7.46,False
OPS-101858,2024-12-05,2024-12-09,Documentation Review,Northeast,Closed,4.03,False
OPS-101652,2024-12-06,2024-12-11,Documentation Review,West,Closed,5.65,False
OPS-100347,2024-12-06,2024-12-11,Billing Inquiry,Southeast,Closed,5.01,False
OPS-100829,2024-12-06,2024-12-07,Documentation Review,Midwest,Closed,1.61,False
OPS-101610,2024-12-06,2024-12-07,Service Request,Southwest,Closed,1.22,False
OPS-100780,2024-12-06,2024-12-10,Service Request,Midwest,Closed,4.11,False
OPS-100970,2024-12-06,2024-12-14,Renewal Processing,Northeast,Closed,8.56,False
OPS-100925,2024-12-06,2024-12-11,Billing Inquiry,Southeast,Closed,5.03,False
OPS-100908,2024-12-06,2024-12-11,Billing Inquiry,West,Closed,5.74,False
OPS-100172,2024-12-07,2024-12-12,Billing Inquiry,Southeast,Closed,5.54,False
OPS-101062,2024-12-07,2024-12-09,Account Setup,West,Closed,2.44,False
OPS-102171,2024-12-08,2024-12-12,Account Setup,West,Closed,4.48,False
OPS-102178,2024-12-08,2024-12-08,Data Correction,Southwest,Closed,0.27,False
OPS-101733,2024-12-08,2024-12-13,Account Setup,Southeast,Closed,5.27,False
OPS-101093,2024-12-08,2024-12-17,Eligibility Check,Midwest,Closed,9.38,False
OPS-101172,2024-12-08,2024-12-08,Data Correction,Southwest,Closed,0.93,False
OPS-101303,2024-12-08,2024-12-09,Service Request,Midwest,Closed,1.1,False
OPS-101986,2024-12-08,2024-12-12,Account Setup,Northeast,Closed,4.91,False
OPS-102198,2024-12-09,2024-12-10,Account Setup,Midwest,Closed,1.42,False
OPS-100750,2024-12-09,2024-12-10,Account Setup,Southwest,Closed,1.73,False
OPS-100901,2024-12-09,2024-12-10,Billing Inquiry,Southeast,Closed,1.8,False
OPS-102068,2024-12-09,2024-12-16,Dispute Resolution,Southeast,Closed,7.47,True
OPS-101208,2024-12-09,2024-12-16,Eligibility Check,West,Closed,7.7,False
OPS-101782,2024-12-09,2024-12-13,Service Request,Southwest,Closed,4.25,False
OPS-100102,2024-12-10,2024-12-14,Eligibility Check,Midwest,Closed,4.34,True
OPS-101859,2024-12-10,2024-12-11,Data Correction,Southeast,Closed,1.28,False
OPS-102188,2024-12-10,2024-12-20,Dispute Resolution,Midwest,Closed,10.13,False
OPS-101650,2024-12-10,2024-12-14,Documentation Review,Southwest,Closed,4.78,False
OPS-100189,2024-12-10,2024-12-14,Account Setup,Southeast,Closed,4.04,False
OPS-102161,2024-12-10,2024-12-12,Eligibility Check,Northeast,Closed,2.15,False
OPS-101607,2024-12-10,2024-12-13,Service Request,Midwest,Closed,3.37,False
OPS-102061,2024-12-10,2024-12-12,Data Correction,Southeast,Closed,2.49,False
OPS-101245,2024-12-10,2024-12-12,Billing Inquiry,West,Closed,2.73,False
OPS-101599,2024-12-10,2024-12-12,Billing Inquiry,Midwest,Closed,2.05,False
OPS-102085,2024-12-10,2024-12-12,Account Setup,West,Closed,2.07,False
OPS-100940,2024-12-10,2024-12-11,Billing Inquiry,Southeast,Closed,1.67,False
OPS-102116,2024-12-10,2024-12-14,Renewal Processing,Midwest,Closed,4.45,False
OPS-100145,2024-12-11,2024-12-11,Account Setup,Southwest,Closed,0.62,False
OPS-101328,2024-12-11,2024-12-16,Data Correction,Southeast,Closed,5.27,False
OPS-101876,2024-12-11,2024-12-14,Service Request,Southeast,Closed,3.77,False
OPS-100308,2024-12-11,2024-12-12,Eligibility Check,Southeast,Closed,1.6,False
OPS-101583,2024-12-11,2024-12-12,Billing Inquiry,Southwest,Closed,1.37,False
OPS-102165,2024-12-11,2024-12-12,Account Setup,Southeast,Closed,1.87,False
OPS-101515,2024-12-12,2024-12-13,Data Correction,Midwest,Closed,1.01,False
OPS-101214,2024-12-12,2024-12-15,Billing Inquiry,Southwest,Closed,3.48,False
OPS-100371,2024-12-12,2024-12-18,Eligibility Check,Southwest,Closed,6.28,False
OPS-100444,2024-12-12,2024-12-13,Billing Inquiry,Southwest,Closed,1.94,False
OPS-100107,2024-12-12,2024-12-19,Documentation Review,Southwest,Closed,6.98,False
OPS-101549,2024-12-12,2024-12-16,Billing Inquiry,Northeast,Closed,4.49,False
OPS-100819,2024-12-12,2024-12-14,Billing Inquiry,Midwest,Closed,2.53,False
OPS-101118,2024-12-12,2024-12-14,Account Setup,Southwest,Closed,2.24,False
OPS-101529,2024-12-12,2024-12-13,Dispute Resolution,Southwest,Closed,1.02,False
OPS-101651,2024-12-12,2024-12-13,Billing Inquiry,Midwest,Closed,1.45,False
OPS-102120,2024-12-12,2024-12-14,Data Correction,Southwest,Closed,2.65,True
OPS-101052,2024-12-13,2024-12-16,Billing Inquiry,West,Closed,3.79,False
OPS-102157,2024-12-13,2024-12-18,Billing Inquiry,Midwest,Closed,4.97,False
OPS-101605,2024-12-13,2024-12-13,Account Setup,Northeast,Closed,0.89,False
OPS-100595,2024-12-13,2024-12-17,Service Request,Midwest,Closed,4.55,False
OPS-100474,2024-12-13,2024-12-18,Service Request,Northeast,Closed,5.82,False
OPS-100660,2024-12-13,2024-12-18,Documentation Review,Northeast,Closed,5.8,False
OPS-101897,2024-12-13,2024-12-16,Service Request,Southwest,Closed,3.45,False
OPS-100896,2024-12-13,2025-01-16,Account Setup,Midwest,Closed,34.07,False
OPS-102072,2024-12-14,2024-12-17,Data Correction,Midwest,Closed,3.88,False
OPS-102122,2024-12-14,2024-12-18,Service Request,Southwest,Closed,4.57,False
OPS-102016,2024-12-14,2024-12-15,Service Request,Southwest,Closed,1.56,False
OPS-100999,2024-12-15,2024-12-20,Renewal Processing,Southwest,Closed,5.62,False
OPS-100075,2024-12-15,2024-12-18,Account Setup,Southeast,Closed,3.55,False
OPS-100156,2024-12-15,2024-12-24,Eligibility Check,Southwest,Closed,9.46,False
OPS-100513,2024-12-15,2024-12-18,Account Setup,West,Closed,3.14,False
OPS-100704,2024-12-16,2025-01-01,Documentation Review,Northeast,Closed,16.23,False
OPS-101405,2024-12-16,2024-12-19,Account Setup,Northeast,Closed,3.11,False
OPS-100690,2024-12-16,2024-12-18,Account Setup,Southeast,Closed,2.38,False
OPS-102040,2024-12-16,2025-01-06,Dispute Resolution,West,Closed,21.48,False
OPS-101054,2024-12-16,2024-12-16,Account Setup,Southwest,Closed,0.39,False
OPS-101352,2024-12-16,2024-12-17,Documentation Review,Southeast,Closed,1.9,False
OPS-100266,2024-12-16,2024-12-16,Data Correction,West,Closed,0.42,False
OPS-101996,2024-12-16,2024-12-18,Account Setup,Southeast,Closed,2.12,False
OPS-100406,2024-12-16,2024-12-17,Service Request,Southeast,Closed,1.44,False
OPS-101709,2024-12-16,2024-12-20,Data Correction,Southwest,Closed,3.97,False
OPS-100329,2024-12-17,2024-12-20,Service Request,Northeast,Closed,3.76,False
OPS-101092,2024-12-17,2024-12-17,Service Request,Northeast,Closed,0.91,False
OPS-101198,2024-12-17,2024-12-24,Service Request,Midwest,Closed,6.99,False
OPS-100224,2024-12-17,2025-01-04,Renewal Processing,West,Closed,18.47,False
OPS-101646,2024-12-17,2024-12-24,Dispute Resolution,Midwest,Closed,7.88,False
OPS-101797,2024-12-17,,Eligibility Check,Southeast,Open,,False
OPS-101857,2024-12-17,2024-12-21,Renewal Processing,Midwest,Closed,4.89,True
OPS-100614,2024-12-17,2024-12-18,Account Setup,Midwest,Closed,1.46,False
OPS-101683,2024-12-17,2024-12-17,Eligibility Check,Southeast,Closed,0.78,False
OPS-102011,2024-12-17,2024-12-29,Documentation Review,Southwest,Closed,12.46,False
OPS-100047,2024-12-17,2024-12-25,Service Request,Southeast,Closed,8.37,False
OPS-101520,2024-12-18,,Service Request,West,Open,,False
OPS-100170,2024-12-18,2024-12-21,Eligibility Check,Southwest,Closed,3.3,False
OPS-100556,2024-12-18,2024-12-19,Data Correction,Southwest,Closed,1.18,False
OPS-100076,2024-12-18,2024-12-24,Eligibility Check,Southeast,Closed,6.8,True
OPS-101795,2024-12-19,2024-12-19,Account Setup,Southeast,Closed,0.89,False
OPS-100318,2024-12-19,2024-12-21,Eligibility Check,Southeast,Closed,2.13,False
OPS-100397,2024-12-19,2024-12-22,Documentation Review,Southeast,Closed,3.58,False
OPS-100822,2024-12-19,2024-12-22,Eligibility Check,Southeast,Closed,3.55,False
OPS-100909,2024-12-19,2024-12-25,Renewal Processing,Northeast,Closed,6.72,False
OPS-101588,2024-12-19,2024-12-27,Documentation Review,Northeast,Closed,8.4,False
OPS-100668,2024-12-19,2024-12-20,Renewal Processing,West,Closed,1.35,False
OPS-100930,2024-12-19,2025-01-26,Documentation Review,West,Closed,38.75,False
OPS-101387,2024-12-20,2024-12-22,Eligibility Check,Southeast,Closed,2.55,True
OPS-101714,2024-12-20,2024-12-22,Documentation Review,Southeast,Closed,2.17,False
OPS-100463,2024-12-20,2024-12-22,Billing Inquiry,Midwest,Closed,2.61,False
OPS-101921,2024-12-20,2024-12-27,Dispute Resolution,Southwest,Closed,7.33,False
OPS-100699,2024-12-20,2024-12-28,Documentation Review,Northeast,Closed,8.09,False
OPS-102078,2024-12-20,2024-12-20,Billing Inquiry,Southwest,Closed,0.74,False
OPS-100737,2024-12-20,2024-12-22,Account Setup,Southeast,Closed,2.23,False
OPS-101025,2024-12-20,2024-12-23,Data Correction,Southeast,Closed,3.18,False
OPS-100220,2024-12-20,2024-12-21,Account Setup,Southwest,Closed,1.49,False
OPS-100657,2024-12-20,2024-12-24,Documentation Review,Southwest,Closed,3.96,False
OPS-100094,2024-12-20,2024-12-22,Billing Inquiry,Midwest,Closed,2.23,False
OPS-100400,2024-12-20,2024-12-24,Documentation Review,Midwest,Closed,4.39,False
OPS-101870,2024-12-21,2024-12-23,Documentation Review,Southeast,Closed,2.09,False
OPS-100067,2024-12-21,2024-12-24,Eligibility Check,Southeast,Closed,3.09,False
OPS-101552,2024-12-21,2024-12-23,Eligibility Check,Southeast,Closed,2.02,True
OPS-101353,2024-12-21,2024-12-21,Eligibility Check,Midwest,Closed,0.92,False
OPS-100918,2024-12-22,2024-12-22,Billing Inquiry,Midwest,Closed,0.55,False
OPS-100475,2024-12-22,2024-12-30,Eligibility Check,Southwest,Closed,8.76,False
OPS-101670,2024-12-22,2024-12-24,Documentation Review,Midwest,Closed,2.81,False
OPS-101791,2024-12-23,2024-12-26,Documentation Review,Midwest,Closed,3.77,False
OPS-101530,2024-12-23,,Renewal Processing,Southeast,Open,,False
OPS-100592,2024-12-23,,Dispute Resolution,Midwest,Open,,False
OPS-100112,2024-12-23,2025-01-15,Documentation Review,Southwest,Closed,23.34,False
OPS-102144,2024-12-23,2024-12-30,Dispute Resolution,Southwest,Closed,7.6,False
OPS-101548,2024-12-24,2024-12-24,Billing Inquiry,Southwest,Closed,0.93,False
OPS-101403,2024-12-24,2024-12-25,Billing Inquiry,Southeast,Closed,1.3,False
OPS-100730,2024-12-24,2024-12-24,Service Request,Southwest,Closed,0.32,False
OPS-100262,2024-12-24,2024-12-24,Account Setup,Southwest,Closed,0.08,False
OPS-101970,2024-12-24,2024-12-28,Renewal Processing,Northeast,Closed,4.2,False
OPS-100043,2024-12-24,2024-12-27,Billing Inquiry,Northeast,Closed,3.34,False
OPS-100516,2024-12-24,2024-12-31,Eligibility Check,West,Closed,7.86,False
OPS-100199,2024-12-24,2025-01-01,Eligibility Check,Southwest,Closed,8.2,False
OPS-100529,2024-12-24,2024-12-25,Data Correction,Midwest,Closed,1.61,True
OPS-101894,2024-12-25,2025-01-01,Billing Inquiry,Southwest,Closed,7.03,False
OPS-100168,2024-12-25,2024-12-29,Documentation Review,Southeast,Closed,4.31,False
OPS-100183,2024-12-25,2024-12-27,Account Setup,West,Closed,2.86,False
OPS-100792,2024-12-25,2024-12-26,Billing Inquiry,West,Closed,0.98,False
OPS-101216,2024-12-25,2024-12-26,Service Request,West,Closed,1.44,False
OPS-100801,2024-12-25,2024-12-28,Service Request,Midwest,Closed,3.34,False
OPS-101581,2024-12-25,2024-12-27,Data Correction,Southwest,Closed,2.67,False
OPS-102136,2024-12-25,2024-12-26,Account Setup,West,Closed,1.86,False
OPS-100483,2024-12-25,2024-12-27,Service Request,Northeast,Closed,2.4,False
OPS-100373,2024-12-25,2025-01-20,Data Correction,Midwest,Closed,26.05,False
OPS-100506,2024-12-25,2024-12-26,Data Correction,Southwest,Closed,1.62,False
OPS-100493,2024-12-25,2024-12-26,Renewal Processing,West,Closed,1.24,False
OPS-100276,2024-12-25,2024-12-27,Account Setup,Southwest,Closed,1.97,False
OPS-101145,2024-12-26,2024-12-29,Service Request,Southeast,Closed,3.7,False
OPS-101135,2024-12-26,2025-01-09,Documentation Review,Southeast,Closed,14.87,True
OPS-101064,2024-12-26,2024-12-30,Billing Inquiry,Southwest,Closed,4.47,False
OPS-100877,2024-12-26,2024-12-26,Service Request,Northeast,Closed,0.61,False
OPS-100787,2024-12-26,2024-12-29,Eligibility Check,West,Closed,3.71,False
OPS-101007,2024-12-26,2024-12-27,Account Setup,West,Closed,1.54,False
OPS-101241,2024-12-26,2024-12-27,Billing Inquiry,West,Closed,1.23,False
OPS-100974,2024-12-26,2024-12-30,Service Request,Northeast,Closed,4.27,False
OPS-101275,2024-12-26,2024-12-28,Documentation Review,Northeast,Closed,2.54,False
OPS-101293,2024-12-26,2024-12-27,Service Request,Southeast,Closed,1.57,False
OPS-101877,2024-12-26,2024-12-30,Service Request,West,Closed,4.23,False
OPS-101075,2024-12-26,2024-12-30,Data Correction,Southwest,Closed,4.37,False
OPS-101463,2024-12-26,2024-12-26,Service Request,Northeast,Closed,0.9,False
OPS-102054,2024-12-27,2024-12-28,Data Correction,Southeast,Closed,1.71,False
OPS-101262,2024-12-27,2024-12-28,Account Setup,West,Closed,1.52,False
OPS-100701,2024-12-27,2025-01-02,Renewal Processing,Northeast,Closed,6.09,False
OPS-100751,2024-12-27,2024-12-31,Dispute Resolution,Northeast,Closed,4.84,False
OPS-100032,2024-12-27,2024-12-29,Account Setup,West,Closed,2.91,False
OPS-100693,2024-12-27,2024-12-29,Service Request,Midwest,Closed,2.27,False
OPS-101846,2024-12-27,2024-12-28,Billing Inquiry,Southeast,Closed,1.14,False
OPS-102168,2024-12-28,2024-12-30,Account Setup,Northeast,Closed,2.12,False
OPS-102127,2024-12-28,2024-12-31,Dispute Resolution,Southwest,Closed,3.15,False
OPS-100315,2024-12-28,2024-12-28,Data Correction,Southwest,Closed,0.47,False
OPS-101045,2024-12-28,2025-01-03,Eligibility Check,Southeast,Closed,6.24,False
OPS-101287,2024-12-29,2025-01-19,Dispute Resolution,Southeast,Closed,21.81,False
OPS-100322,2024-12-29,2025-01-01,Documentation Review,West,Closed,3.93,False
OPS-100756,2024-12-30,2025-01-02,Account Setup,Southwest,Closed,3.69,False
OPS-100126,2024-12-30,2025-01-02,Billing Inquiry,Southeast,Closed,3.03,False
OPS-100746,2024-12-30,2025-01-04,Billing Inquiry,Northeast,Closed,5.74,True
OPS-101324,2024-12-30,2025-01-03,Eligibility Check,West,Closed,4.6,False
OPS-101760,2024-12-30,2025-01-07,Billing Inquiry,Southwest,Closed,8.7,False
OPS-100146,2024-12-30,2025-01-01,Data Correction,Northeast,Closed,1.98,False
OPS-101884,2024-12-30,2025-01-03,Eligibility Check,Southwest,Closed,4.81,False
OPS-100368,2024-12-30,2024-12-31,Service Request,Southwest,Closed,1.82,False
OPS-101786,2024-12-30,2025-01-02,Billing Inquiry,Southeast,Closed,3.57,False
OPS-101885,2024-12-30,2024-12-31,Renewal Processing,West,Closed,1.47,False
OPS-100514,2024-12-31,2025-01-01,Data Correction,Northeast,Closed,1.39,False
OPS-102049,2024-12-31,2025-01-02,Data Correction,West,Closed,1.98,False
OPS-101079,2024-12-31,2025-01-02,Account Setup,Northeast,Closed,2.7,False
OPS-101997,2024-12-31,2025-01-01,Data Correction,Southwest,Closed,1.41,False
OPS-101101,2024-12-31,2025-01-02,Billing Inquiry,Southeast,Closed,2.53,False
OPS-101716,2024-12-31,2025-01-05,Eligibility Check,West,Closed,4.96,False
OPS-101992,2025-01-01,2025-01-03,Eligibility Check,Southeast,Closed,2.87,False
OPS-100587,2025-01-01,2025-01-02,Eligibility Check,West,Closed,1.38,True
OPS-100579,2025-01-01,2025-01-03,Account Setup,Southwest,Closed,2.29,False
OPS-100890,2025-01-01,2025-01-03,Data Correction,Northeast,Closed,2.59,False
OPS-102126,2025-01-01,2025-01-03,Account Setup,Southwest,Closed,2.45,False
OPS-102108,2025-01-01,2025-01-09,Renewal Processing,West,Closed,8.14,False
OPS-100570,2025-01-01,2025-01-03,Billing Inquiry,Southeast,Closed,2.32,False
OPS-100986,2025-01-01,2025-01-11,Dispute Resolution,Midwest,Closed,9.97,True
OPS-100949,2025-01-01,2025-01-10,Billing Inquiry,Midwest,Closed,9.95,True
OPS-101036,2025-01-02,2025-01-08,Renewal Processing,Midwest,Closed,6.67,False
OPS-102095,2025-01-02,2025-01-09,Documentation Review,Southeast,Closed,7.3,False
OPS-101369,2025-01-02,2025-01-07,Billing Inquiry,West,Closed,5.03,True
OPS-102032,2025-01-02,2025-01-15,Dispute Resolution,Southeast,Closed,13.04,True
OPS-101014,2025-01-02,2025-01-05,Account Setup,Midwest,Closed,3.11,False
OPS-100685,2025-01-02,2025-01-07,Billing Inquiry,Southwest,Closed,5.55,False
OPS-101586,2025-01-02,2025-01-09,Renewal Processing,Northeast,Closed,7.52,False
OPS-100988,2025-01-02,2025-01-03,Account Setup,Southwest,Closed,1.73,False
OPS-100664,2025-01-02,2025-01-06,Documentation Review,Northeast,Closed,4.73,False
OPS-100617,2025-01-03,2025-01-07,Service Request,Northeast,Closed,4.63,False
OPS-101778,2025-01-03,2025-01-06,Eligibility Check,Midwest,Closed,3.25,False
OPS-101294,2025-01-03,2025-01-04,Account Setup,West,Closed,1.35,False
OPS-101498,2025-01-03,2025-01-06,Account Setup,Southwest,Closed,3.84,False
OPS-100795,2025-01-03,2025-01-04,Eligibility Check,Midwest,Closed,1.21,False
OPS-100133,2025-01-03,2025-01-04,Account Setup,Northeast,Closed,1.27,False
OPS-101454,2025-01-03,2025-01-03,Billing Inquiry,Northeast,Closed,0.9,False
OPS-100655,2025-01-03,2025-01-04,Renewal Processing,Southeast,Closed,1.66,False
OPS-101726,2025-01-03,2025-01-03,Eligibility Check,West,Closed,0.77,True
OPS-102087,2025-01-04,2025-01-07,Billing Inquiry,Southwest,Closed,3.32,False
OPS-101754,2025-01-04,2025-01-05,Account Setup,West,Closed,1.44,False
OPS-102174,2025-01-06,2025-01-07,Service Request,West,Closed,1.88,False
OPS-100021,2025-01-06,2025-01-08,Eligibility Check,Southeast,Closed,2.84,False
OPS-101140,2025-01-06,2025-01-11,Documentation Review,Midwest,Closed,5.2,False
OPS-101702,2025-01-06,2025-01-08,Service Request,Southwest,Closed,2.31,False
OPS-101926,2025-01-06,2025-01-08,Eligibility Check,Southwest,Closed,2.35,False
OPS-101526,2025-01-07,2025-01-09,Renewal Processing,West,Closed,2.15,False
OPS-102086,2025-01-07,2025-01-14,Renewal Processing,Northeast,Closed,7.01,False
OPS-101244,2025-01-07,2025-01-08,Data Correction,Midwest,Closed,1.09,False
OPS-102090,2025-01-08,2025-02-14,Account Setup,Midwest,Closed,37.38,False
OPS-101242,2025-01-08,2025-01-09,Account Setup,Southeast,Closed,1.54,False
OPS-101542,2025-01-08,,Data Correction,West,Open,,False
OPS-100498,2025-01-08,2025-01-11,Documentation Review,West,Closed,3.64,False
OPS-101923,2025-01-08,2025-01-10,Documentation Review,Northeast,Closed,2.23,False
OPS-101280,2025-01-08,2025-01-14,Eligibility Check,Northeast,Closed,6.08,False
OPS-100785,2025-01-08,2025-01-09,Billing Inquiry,Southeast,Closed,1.42,False
OPS-101424,2025-01-08,2025-01-08,Service Request,Southwest,Closed,0.33,False
OPS-100372,2025-01-09,2025-01-26,Dispute Resolution,Northeast,Closed,17.35,True
OPS-100525,2025-01-09,2025-01-15,Dispute Resolution,Midwest,Closed,6.66,False
OPS-100096,2025-01-09,2025-01-27,Dispute Resolution,Southeast,Closed,18.83,False
OPS-100679,2025-01-10,2025-01-11,Account Setup,Southwest,Closed,1.25,False
OPS-100314,2025-01-10,2025-01-12,Billing Inquiry,Midwest,Closed,2.13,False
OPS-101177,2025-01-10,2025-01-13,Renewal Processing,West,Closed,3.06,False
OPS-101027,2025-01-10,2025-01-15,Billing Inquiry,West,Closed,5.94,False
OPS-100568,2025-01-10,2025-01-12,Data Correction,Southwest,Closed,2.37,False
OPS-100313,2025-01-10,2025-01-11,Account Setup,Southwest,Closed,1.33,False
OPS-101973,2025-01-11,2025-01-11,Billing Inquiry,Northeast,Closed,0.56,False
OPS-101553,2025-01-11,2025-01-12,Dispute Resolution,Northeast,Closed,1.6,False
OPS-100033,2025-01-12,2025-01-18,Renewal Processing,Midwest,Closed,6.43,False
OPS-100010,2025-01-12,2025-01-15,Renewal Processing,West,Closed,3.49,False
OPS-100165,2025-01-12,2025-01-15,Service Request,Southwest,Closed,3.05,False
OPS-101502,2025-01-12,2025-01-19,Service Request,Northeast,Closed,7.48,False
OPS-100931,2025-01-12,2025-01-13,Renewal Processing,Northeast,Closed,1.89,False
OPS-101347,2025-01-12,2025-01-21,Renewal Processing,Midwest,Closed,9.41,False
OPS-100633,2025-01-13,2025-01-14,Data Correction,Southeast,Closed,1.41,False
OPS-101326,2025-01-13,2025-01-14,Account Setup,Midwest,Closed,1.36,False
OPS-101339,2025-01-13,2025-01-14,Billing Inquiry,Midwest,Closed,1.17,False
OPS-101626,2025-01-13,2025-01-16,Billing Inquiry,Southwest,Closed,3.31,False
OPS-100248,2025-01-13,2025-01-16,Service Request,Midwest,Closed,3.88,False
OPS-100521,2025-01-13,2025-01-15,Data Correction,Southwest,Closed,2.56,False
OPS-102019,2025-01-13,2025-01-17,Service Request,West,Closed,4.2,False
OPS-100186,2025-01-13,2025-01-14,Renewal Processing,Southwest,Closed,1.57,False
OPS-100287,2025-01-13,2025-01-14,Data Correction,Midwest,Closed,1.28,False
OPS-101361,2025-01-14,2025-01-15,Eligibility Check,Northeast,Closed,1.37,False
OPS-102027,2025-01-14,2025-01-20,Billing Inquiry,Northeast,Closed,6.06,False
OPS-100384,2025-01-14,2025-01-16,Account Setup,West,Closed,2.84,False
OPS-100885,2025-01-14,2025-01-18,Billing Inquiry,Southeast,Closed,4.14,False
OPS-100873,2025-01-14,2025-01-25,Dispute Resolution,Northeast,Closed,11.35,True
OPS-101981,2025-01-14,2025-01-14,Account Setup,Midwest,Closed,0.88,False
OPS-101459,2025-01-15,2025-01-20,Account Setup,West,Closed,4.96,False
OPS-101613,2025-01-15,2025-01-15,Account Setup,Northeast,Closed,0.71,False
OPS-100858,2025-01-15,2025-01-15,Billing Inquiry,Southwest,Closed,0.74,False
OPS-100093,2025-01-15,2025-01-16,Billing Inquiry,Southeast,Closed,1.67,False
OPS-100316,2025-01-15,2025-01-15,Account Setup,Southeast,Closed,0.64,False
OPS-102124,2025-01-15,2025-01-20,Billing Inquiry,Northeast,Closed,5.18,True
OPS-101271,2025-01-15,2025-01-16,Eligibility Check,Northeast,Closed,1.6,False
OPS-101295,2025-01-15,2025-01-16,Data Correction,West,Closed,1.77,False
OPS-100733,2025-01-16,2025-01-16,Data Correction,Southwest,Closed,0.38,False
OPS-100378,2025-01-16,2025-01-20,Account Setup,Northeast,Closed,4.51,False
OPS-100306,2025-01-16,2025-01-18,Renewal Processing,Midwest,Closed,2.9,False
OPS-101711,2025-01-16,2025-01-19,Eligibility Check,West,Closed,3.63,False
OPS-100532,2025-01-17,2025-01-21,Eligibility Check,Southwest,Closed,4.83,False
OPS-101213,2025-01-17,2025-01-18,Account Setup,Southwest,Closed,1.15,False
OPS-101423,2025-01-17,2025-01-17,Data Correction,Southwest,Closed,0.33,False
OPS-100046,2025-01-17,2025-01-20,Billing Inquiry,Southeast,Closed,3.19,False
OPS-102125,2025-01-17,2025-01-20,Eligibility Check,Northeast,Closed,3.26,False
OPS-102074,2025-01-18,2025-01-19,Billing Inquiry,Midwest,Closed,1.2,False
OPS-101299,2025-01-18,2025-01-19,Data Correction,West,Closed,1.34,False
OPS-101107,2025-01-19,2025-01-20,Account Setup,West,Closed,1.74,False
OPS-101005,2025-01-20,2025-01-25,Documentation Review,Northeast,Closed,5.64,False
OPS-102025,2025-01-20,2025-01-21,Data Correction,Southeast,Closed,1.01,False
OPS-100886,2025-01-20,2025-01-27,Billing Inquiry,Southwest,Closed,7.35,False
OPS-100876,2025-01-20,2025-01-23,Billing Inquiry,West,Closed,3.06,False
OPS-102080,2025-01-20,2025-01-27,Account Setup,Northeast,Closed,7.34,False
OPS-100546,2025-01-20,2025-01-21,Billing Inquiry,West,Closed,1.01,False
OPS-101425,2025-01-20,2025-01-23,Service Request,Southwest,Closed,3.36,False
OPS-102162,2025-01-20,2025-01-21,Service Request,Northeast,Closed,1.7,False
OPS-101545,2025-01-20,2025-01-20,Service Request,West,Closed,0.92,False
OPS-101286,2025-01-20,2025-01-22,Service Request,Midwest,Closed,2.8,False
OPS-101191,2025-01-20,2025-01-20,Service Request,Southeast,Closed,0.66,False
OPS-101310,2025-01-20,2025-01-22,Renewal Processing,Midwest,Closed,2.02,False
OPS-101170,2025-01-20,2025-01-21,Data Correction,Northeast,Closed,1.41,False
OPS-100675,2025-01-20,2025-01-22,Billing Inquiry,Northeast,Closed,2.16,False
OPS-100738,2025-01-20,2025-01-28,Billing Inquiry,Midwest,Closed,8.94,False
OPS-100275,2025-01-20,2025-01-24,Account Setup,West,Closed,4.35,False
OPS-100659,2025-01-21,2025-01-27,Eligibility Check,Midwest,Closed,6.39,False
OPS-101729,2025-01-21,2025-01-28,Renewal Processing,Southeast,Closed,7.25,False
OPS-100846,2025-01-21,2025-01-25,Eligibility Check,Southeast,Closed,4.17,False
OPS-100219,2025-01-21,2025-01-25,Renewal Processing,Southeast,Closed,3.97,False
OPS-101272,2025-01-21,2025-01-23,Eligibility Check,Southeast,Closed,2.76,False
OPS-101399,2025-01-21,2025-01-26,Documentation Review,West,Closed,5.55,False
OPS-101689,2025-01-21,2025-01-26,Billing Inquiry,Midwest,Closed,5.7,False
OPS-100832,2025-01-21,2025-01-23,Billing Inquiry,Southeast,Closed,2.52,False
OPS-101624,2025-01-21,2025-01-24,Dispute Resolution,Northeast,Closed,3.32,False
OPS-101069,2025-01-22,2025-01-24,Account Setup,Southwest,Closed,2.16,False
OPS-100977,2025-01-22,2025-01-23,Documentation Review,Southeast,Closed,1.75,False
OPS-101261,2025-01-22,2025-01-30,Dispute Resolution,Northeast,Closed,8.24,False
OPS-101658,2025-01-22,2025-01-25,Service Request,Northeast,Closed,3.36,False
OPS-100650,2025-01-22,2025-01-22,Documentation Review,Southwest,Closed,0.89,False
OPS-101186,2025-01-22,2025-01-25,Eligibility Check,Midwest,Closed,3.05,False
OPS-101066,2025-01-22,2025-01-24,Billing Inquiry,Southeast,Closed,2.67,True
OPS-100583,2025-01-22,2025-01-23,Documentation Review,Southeast,Closed,1.92,False
OPS-101582,2025-01-22,2025-01-26,Renewal Processing,Southeast,Closed,4.21,False
OPS-100932,2025-01-23,2025-01-25,Account Setup,Midwest,Closed,2.63,False
OPS-101636,2025-01-23,2025-01-30,Service Request,Southeast,Closed,7.92,False
OPS-101372,2025-01-23,2025-01-23,Billing Inquiry,Midwest,Closed,0.81,False
OPS-101593,2025-01-23,2025-01-24,Account Setup,Midwest,Closed,1.48,False
OPS-101655,2025-01-23,2025-01-24,Billing Inquiry,Northeast,Closed,1.82,False
OPS-100470,2025-01-23,2025-01-25,Service Request,West,Closed,2.06,False
OPS-101029,2025-01-23,2025-01-26,Eligibility Check,Southeast,Closed,3.14,False
OPS-101281,2025-01-24,2025-01-28,Service Request,Southeast,Closed,4.37,False
OPS-100669,2025-01-24,2025-01-24,Account Setup,West,Closed,0.06,False
OPS-100081,2025-01-24,2025-01-29,Billing Inquiry,Northeast,Closed,5.51,False
OPS-101882,2025-01-24,2025-01-25,Dispute Resolution,Southwest,Closed,1.57,False
OPS-101570,2025-01-24,2025-02-01,Renewal Processing,Northeast,Closed,8.63,False
OPS-100071,2025-01-24,2025-01-27,Service Request,Midwest,Closed,3.31,False
OPS-101037,2025-01-24,2025-01-28,Billing Inquiry,West,Closed,4.39,False
OPS-100843,2025-01-24,2025-01-31,Eligibility Check,Southeast,Closed,7.29,False
OPS-101095,2025-01-25,2025-01-29,Renewal Processing,Southwest,Closed,4.47,False
OPS-101629,2025-01-25,2025-01-30,Service Request,Midwest,Closed,5.09,False
OPS-101808,2025-01-25,2025-01-25,Billing Inquiry,Northeast,Closed,0.86,True
OPS-100880,2025-01-25,2025-01-25,Billing Inquiry,Northeast,Closed,0.47,False
OPS-100480,2025-01-25,2025-01-25,Data Correction,Midwest,Closed,0.21,False
OPS-102014,2025-01-27,,Service Request,Northeast,Open,,False
OPS-101707,2025-01-27,2025-01-28,Data Correction,West,Closed,1.16,False
OPS-102158,2025-01-27,2025-01-30,Eligibility Check,Southwest,Closed,3.78,False
OPS-100791,2025-01-27,2025-01-28,Data Correction,Northeast,Closed,1.69,False
OPS-100625,2025-01-27,2025-02-05,Dispute Resolution,Southwest,Closed,9.63,True
OPS-100247,2025-01-27,2025-01-30,Documentation Review,West,Closed,3.85,False
OPS-100479,2025-01-27,2025-03-15,Documentation Review,Southeast,Closed,47.58,False
OPS-100943,2025-01-27,2025-01-31,Account Setup,Southeast,Closed,4.72,False
OPS-101635,2025-01-27,2025-03-12,Documentation Review,Northeast,Closed,44.3,False
OPS-101848,2025-01-27,2025-01-30,Documentation Review,Southeast,Closed,3.78,True
OPS-101942,2025-01-27,2025-01-28,Account Setup,Midwest,Closed,1.5,False
OPS-102176,2025-01-27,2025-01-31,Dispute Resolution,Southwest,Closed,3.96,False
OPS-101961,2025-01-28,2025-01-29,Billing Inquiry,Southeast,Closed,1.2,False
OPS-102170,2025-01-28,2025-01-30,Billing Inquiry,Southeast,Closed,2.65,False
OPS-101348,2025-01-28,2025-01-30,Account Setup,Midwest,Closed,2.65,False
OPS-101144,2025-01-28,2025-01-31,Eligibility Check,Northeast,Closed,3.87,False
OPS-100285,2025-01-28,2025-01-29,Documentation Review,West,Closed,1.86,False
OPS-100123,2025-01-28,2025-01-29,Account Setup,Midwest,Closed,1.36,False
OPS-100311,2025-01-28,2025-02-09,Documentation Review,Southwest,Closed,12.01,False
OPS-100739,2025-01-28,2025-01-29,Account Setup,Southwest,Closed,1.19,True
OPS-100365,2025-01-29,2025-02-02,Documentation Review,West,Closed,4.8,False
OPS-101480,2025-01-29,2025-02-01,Dispute Resolution,Southwest,Closed,3.91,False
OPS-102033,2025-01-29,2025-02-17,Dispute Resolution,Northeast,Closed,19.08,False
OPS-100231,2025-01-29,2025-02-02,Service Request,Southeast,Closed,4.94,False
OPS-101034,2025-01-29,2025-02-01,Billing Inquiry,Northeast,Closed,3.8,False
OPS-101209,2025-01-29,2025-01-29,Account Setup,Northeast,Closed,0.74,False
OPS-100686,2025-01-29,2025-02-02,Account Setup,Southeast,Closed,4.31,False
OPS-100838,2025-01-29,2025-01-30,Billing Inquiry,West,Closed,1.92,False
OPS-100485,2025-01-29,2025-02-05,Dispute Resolution,Midwest,Closed,7.43,False
OPS-101111,2025-01-30,2025-02-02,Renewal Processing,Southeast,Closed,3.61,False
OPS-101346,2025-01-30,2025-02-04,Eligibility Check,West,Closed,5.35,False
OPS-101137,2025-01-30,2025-01-31,Data Correction,Northeast,Closed,1.03,False
OPS-101124,2025-01-30,2025-02-01,Service Request,Northeast,Closed,2.32,False
OPS-101237,2025-01-30,2025-03-01,Billing Inquiry,Southwest,Closed,30.54,False
OPS-102163,2025-01-30,2025-02-01,Renewal Processing,Northeast,Closed,2.22,False
OPS-102064,2025-01-30,2025-02-01,Service Request,West,Closed,2.62,False
OPS-101503,2025-01-30,2025-01-30,Service Request,Northeast,Closed,0.93,False
OPS-100476,2025-01-31,2025-02-04,Eligibility Check,Northeast,Closed,4.32,False
OPS-101494,2025-01-31,2025-02-09,Dispute Resolution,Southwest,Closed,9.09,False
OPS-102167,2025-01-31,2025-02-02,Service Request,Southeast,Closed,2.02,False
OPS-100249,2025-01-31,2025-02-02,Service Request,Southwest,Closed,1.97,False
OPS-101608,2025-02-01,2025-02-04,Renewal Processing,Southeast,Closed,3.29,False
OPS-101379,2025-02-01,2025-02-08,Account Setup,Southeast,Closed,7.85,False
OPS-101380,2025-02-02,2025-02-03,Dispute Resolution,West,Closed,1.93,False
OPS-101837,2025-02-03,,Data Correction,Midwest,Open,,False
OPS-100496,2025-02-03,2025-03-03,Data Correction,Southwest,Closed,28.37,False
OPS-101609,2025-02-03,2025-02-10,Dispute Resolution,Northeast,Closed,7.0,False
OPS-100747,2025-02-03,2025-02-16,Dispute Resolution,Midwest,Closed,13.89,False
OPS-102141,2025-02-03,2025-02-04,Account Setup,Southwest,Closed,1.54,False
OPS-100118,2025-02-03,2025-02-05,Eligibility Check,Southwest,Closed,2.34,False
OPS-101282,2025-02-03,2025-02-04,Data Correction,Southeast,Closed,1.79,False
OPS-100549,2025-02-03,2025-02-07,Account Setup,Southwest,Closed,4.65,False
OPS-100721,2025-02-03,2025-02-08,Account Setup,Midwest,Closed,4.98,False
OPS-100040,2025-02-04,2025-02-07,Billing Inquiry,Southeast,Closed,3.62,False
OPS-101158,2025-02-04,2025-02-08,Service Request,Southeast,Closed,4.54,False
OPS-100176,2025-02-04,2025-02-07,Data Correction,Southwest,Closed,3.01,False
OPS-100961,2025-02-04,2025-02-08,Renewal Processing,Northeast,Closed,3.99,False
OPS-101466,2025-02-04,2025-02-05,Billing Inquiry,Southeast,Closed,1.35,False
OPS-100069,2025-02-04,2025-02-07,Data Correction,Midwest,Closed,3.02,False
OPS-101476,2025-02-04,2025-02-05,Billing Inquiry,West,Closed,1.32,True
OPS-100148,2025-02-05,2025-02-06,Account Setup,West,Closed,1.66,False
OPS-101457,2025-02-05,2025-02-14,Documentation Review,West,Closed,9.11,False
OPS-101929,2025-02-05,2025-02-06,Renewal Processing,West,Closed,1.58,False
OPS-100995,2025-02-05,2025-02-09,Documentation Review,Midwest,Closed,4.24,False
OPS-101038,2025-02-05,2025-02-06,Documentation Review,Northeast,Closed,1.2,False
OPS-101551,2025-02-05,2025-02-16,Eligibility Check,Northeast,Closed,11.37,False
OPS-100609,2025-02-05,2025-02-09,Billing Inquiry,Northeast,Closed,4.67,True
OPS-101871,2025-02-05,2025-02-06,Service Request,Southwest,Closed,1.43,False
OPS-100377,2025-02-05,2025-02-06,Data Correction,Southwest,Closed,1.31,False
OPS-100708,2025-02-05,2025-02-08,Renewal Processing,West,Closed,3.88,False
OPS-100001,2025-02-05,2025-02-15,Renewal Processing,Southwest,Closed,10.18,False
OPS-102013,2025-02-06,2025-02-07,Account Setup,Southeast,Closed,1.59,False
OPS-101677,2025-02-06,2025-02-14,Renewal Processing,Midwest,Closed,8.26,False
OPS-100399,2025-02-06,2025-02-07,Renewal Processing,Southeast,Closed,1.79,False
OPS-101811,2025-02-06,2025-02-07,Billing Inquiry,Southwest,Closed,1.43,False
OPS-100014,2025-02-06,2025-02-11,Renewal Processing,Midwest,Closed,5.33,False
OPS-101906,2025-02-06,2025-02-08,Service Request,Southwest,Closed,2.84,False
OPS-101072,2025-02-07,2025-02-09,Service Request,Southwest,Closed,2.23,False
OPS-102001,2025-02-07,2025-02-08,Data Correction,Southwest,Closed,1.22,True
OPS-101807,2025-02-07,2025-02-12,Account Setup,Southeast,Closed,5.62,False
OPS-101889,2025-02-07,2025-02-09,Billing Inquiry,Southeast,Closed,2.84,False
OPS-101429,2025-02-07,2025-02-11,Billing Inquiry,Northeast,Closed,4.05,False
OPS-100092,2025-02-07,2025-02-07,Service Request,Southwest,Closed,0.46,False
OPS-101400,2025-02-07,2025-02-10,Billing Inquiry,Southeast,Closed,3.29,False
OPS-101905,2025-02-07,2025-02-12,Account Setup,Southwest,Closed,5.69,False
OPS-102046,2025-02-07,2025-02-11,Data Correction,Northeast,Closed,4.25,False
OPS-101777,2025-02-08,2025-02-14,Account Setup,Southeast,Closed,6.84,False
OPS-101539,2025-02-09,2025-03-10,Eligibility Check,Southeast,Closed,29.36,False
OPS-101190,2025-02-09,2025-02-13,Account Setup,Southeast,Closed,4.47,False
OPS-100106,2025-02-09,2025-02-12,Eligibility Check,West,Closed,3.89,False
OPS-100545,2025-02-09,2025-02-26,Dispute Resolution,Northeast,Closed,17.23,False
OPS-102160,2025-02-09,2025-02-11,Billing Inquiry,Southwest,Closed,2.12,False
OPS-102071,2025-02-09,2025-02-10,Eligibility Check,Northeast,Closed,1.92,False
OPS-100591,2025-02-09,2025-02-12,Account Setup,Southwest,Closed,3.54,False
OPS-100009,2025-02-10,2025-02-13,Account Setup,Midwest,Closed,3.91,False
OPS-101019,2025-02-10,2025-02-12,Billing Inquiry,Southeast,Closed,1.98,False
OPS-100944,2025-02-10,2025-02-10,Data Correction,Midwest,Closed,0.37,False
OPS-101288,2025-02-10,2025-02-13,Billing Inquiry,Midwest,Closed,3.26,False
OPS-101832,2025-02-10,2025-02-11,Service Request,Midwest,Closed,1.42,False
OPS-102052,2025-02-10,2025-02-13,Billing Inquiry,West,Closed,3.62,True
OPS-101749,2025-02-10,2025-02-14,Billing Inquiry,Southeast,Closed,4.79,False
OPS-100683,2025-02-11,2025-03-24,Billing Inquiry,Southeast,Closed,41.63,False
OPS-101941,2025-02-11,2025-02-12,Eligibility Check,Northeast,Closed,1.9,False
OPS-100728,2025-02-11,2025-02-15,Documentation Review,Northeast,Closed,4.83,False
OPS-100782,2025-02-11,2025-02-13,Account Setup,West,Closed,2.09,False
OPS-100395,2025-02-11,2025-02-14,Renewal Processing,Northeast,Closed,3.74,False
OPS-100252,2025-02-11,2025-02-13,Service Request,Northeast,Closed,2.84,False
OPS-100110,2025-02-12,2025-02-18,Renewal Processing,Southeast,Closed,6.29,False
OPS-100457,2025-02-12,2025-02-14,Service Request,Northeast,Closed,2.58,False
OPS-102024,2025-02-12,2025-02-14,Billing Inquiry,Southwest,Closed,2.25,False
OPS-101089,2025-02-12,2025-02-18,Documentation Review,Midwest,Closed,6.56,False
OPS-100398,2025-02-12,2025-02-15,Renewal Processing,Northeast,Closed,3.21,False
OPS-101001,2025-02-12,2025-02-15,Renewal Processing,Midwest,Closed,3.74,False
OPS-101422,2025-02-12,2025-02-20,Eligibility Check,Midwest,Closed,8.17,False
OPS-101507,2025-02-13,2025-02-18,Service Request,Southeast,Closed,5.02,False
OPS-100759,2025-02-13,2025-03-31,Renewal Processing,Southwest,Closed,46.55,False
OPS-101364,2025-02-13,2025-02-18,Renewal Processing,Midwest,Closed,5.62,False
OPS-101009,2025-02-13,2025-02-14,Account Setup,Southwest,Closed,1.94,False
OPS-101565,2025-02-13,2025-02-16,Dispute Resolution,Northeast,Closed,3.74,False
OPS-101290,2025-02-13,2025-02-14,Service Request,Northeast,Closed,1.41,False
OPS-100056,2025-02-13,2025-02-13,Renewal Processing,Northeast,Closed,0.58,False
OPS-101136,2025-02-13,2025-02-23,Eligibility Check,Midwest,Closed,10.5,False
OPS-100087,2025-02-13,2025-02-23,Dispute Resolution,West,Closed,10.17,False
OPS-100976,2025-02-14,2025-02-14,Data Correction,West,Closed,0.88,False
OPS-101176,2025-02-14,2025-03-19,Account Setup,Southeast,Closed,33.83,False
OPS-101976,2025-02-14,2025-02-21,Service Request,Midwest,Closed,7.78,False
OPS-101645,2025-02-14,2025-02-15,Eligibility Check,Northeast,Closed,1.3,False
OPS-101357,2025-02-14,2025-02-20,Renewal Processing,Southeast,Closed,6.94,False
OPS-100623,2025-02-14,2025-02-21,Renewal Processing,Southeast,Closed,7.1,False
OPS-100305,2025-02-14,2025-02-15,Account Setup,Northeast,Closed,1.82,False
OPS-101321,2025-02-15,2025-02-16,Data Correction,Northeast,Closed,1.42,False
OPS-100354,2025-02-15,2025-02-17,Billing Inquiry,West,Closed,2.93,False
OPS-102089,2025-02-16,2025-02-17,Service Request,West,Closed,1.4,False
OPS-100026,2025-02-16,2025-02-20,Service Request,Southeast,Closed,4.84,False
OPS-101544,2025-02-16,2025-02-18,Account Setup,Southwest,Closed,2.34,True
OPS-100236,2025-02-16,2025-02-22,Service Request,Southwest,Closed,6.68,False
OPS-100900,2025-02-17,2025-02-20,Renewal Processing,Northeast,Closed,3.87,False
OPS-101830,2025-02-17,2025-02-20,Eligibility Check,Northeast,Closed,3.18,False
OPS-100855,2025-02-17,2025-02-21,Eligibility Check,Midwest,Closed,4.13,False
OPS-100034,2025-02-17,2025-02-20,Dispute Resolution,West,Closed,3.65,False
OPS-100983,2025-02-17,2025-02-18,Billing Inquiry,Southeast,Closed,1.78,False
OPS-100883,2025-02-17,2025-02-19,Dispute Resolution,Midwest,Closed,2.7,False
OPS-101487,2025-02-17,2025-02-23,Renewal Processing,West,Closed,6.76,False
OPS-101226,2025-02-17,2025-02-17,Account Setup,West,Closed,0.93,False
OPS-101642,2025-02-17,2025-02-21,Service Request,Southeast,Closed,4.32,False
OPS-101779,2025-02-17,2025-02-19,Service Request,Southwest,Closed,2.28,True
OPS-100550,2025-02-17,2025-02-20,Billing Inquiry,Southwest,Closed,3.87,False
OPS-100061,2025-02-18,2025-02-20,Renewal Processing,Southeast,Closed,2.74,False
OPS-100144,2025-02-18,2025-02-21,Dispute Resolution,Northeast,Closed,3.94,False
OPS-101817,2025-02-18,2025-02-19,Eligibility Check,Northeast,Closed,1.54,False
OPS-101968,2025-02-18,2025-02-21,Eligibility Check,Southeast,Closed,3.62,False
OPS-101012,2025-02-18,2025-03-14,Dispute Resolution,Southeast,Closed,24.6,False
OPS-101704,2025-02-19,2025-03-04,Documentation Review,Southeast,Closed,13.49,False
OPS-102057,2025-02-19,2025-02-22,Eligibility Check,West,Closed,3.75,False
OPS-101227,2025-02-19,2025-02-19,Data Correction,Southwest,Closed,0.95,False
OPS-100471,2025-02-19,2025-02-21,Eligibility Check,Northeast,Closed,2.36,False
OPS-101936,2025-02-19,2025-02-20,Eligibility Check,Northeast,Closed,1.83,False
OPS-101489,2025-02-19,2025-02-20,Documentation Review,Southeast,Closed,1.21,False
OPS-100486,2025-02-19,2025-02-24,Billing Inquiry,Midwest,Closed,5.59,False
OPS-101748,2025-02-19,2025-02-22,Data Correction,Midwest,Closed,3.08,False
OPS-100037,2025-02-19,2025-02-21,Billing Inquiry,Northeast,Closed,2.26,False
OPS-101994,2025-02-19,2025-02-22,Billing Inquiry,Southeast,Closed,3.06,False
OPS-100709,2025-02-19,2025-02-20,Service Request,West,Closed,1.55,False
OPS-102055,2025-02-20,2025-02-25,Account Setup,West,Closed,5.32,False
OPS-101527,2025-02-20,2025-02-21,Billing Inquiry,Midwest,Closed,1.61,False
OPS-101922,2025-02-20,2025-02-21,Data Correction,Northeast,Closed,1.05,False
OPS-100383,2025-02-20,2025-02-22,Billing Inquiry,Midwest,Closed,2.68,False
OPS-101630,2025-02-20,2025-02-25,Eligibility Check,Midwest,Closed,5.87,False
OPS-100310,2025-02-20,2025-02-22,Eligibility Check,Northeast,Closed,2.86,False
OPS-101479,2025-02-20,2025-02-24,Account Setup,West,Closed,4.84,False
OPS-101568,2025-02-20,2025-02-23,Service Request,Southeast,Closed,3.3,False
OPS-100600,2025-02-20,2025-03-07,Renewal Processing,Midwest,Closed,15.73,False
OPS-100753,2025-02-20,2025-02-23,Renewal Processing,Midwest,Closed,3.47,False
OPS-100572,2025-02-21,2025-02-24,Data Correction,Northeast,Closed,3.47,False
OPS-101421,2025-02-21,2025-02-23,Billing Inquiry,Northeast,Closed,2.37,False
OPS-100137,2025-02-21,2025-02-24,Documentation Review,West,Closed,3.35,False
OPS-100321,2025-02-21,2025-03-02,Service Request,West,Closed,9.08,False
OPS-100903,2025-02-21,2025-02-22,Dispute Resolution,Southwest,Closed,1.49,False
OPS-100965,2025-02-21,2025-02-26,Service Request,Southwest,Closed,5.78,False
OPS-101535,2025-02-21,2025-02-26,Renewal Processing,Southwest,Closed,4.97,False
OPS-101088,2025-02-21,2025-02-25,Account Setup,West,Closed,4.3,False
OPS-101342,2025-02-21,2025-02-21,Data Correction,Midwest,Closed,0.07,False
OPS-101827,2025-02-21,2025-02-23,Service Request,Southwest,Closed,2.6,False
OPS-100221,2025-02-24,2025-02-27,Billing Inquiry,Midwest,Closed,3.21,True
OPS-101207,2025-02-24,2025-02-27,Billing Inquiry,Northeast,Closed,3.68,False
OPS-101478,2025-02-24,2025-02-26,Billing Inquiry,Southeast,Closed,2.11,True
OPS-100140,2025-02-24,2025-02-26,Billing Inquiry,Northeast,Closed,2.85,False
OPS-101821,2025-02-25,2025-02-28,Billing Inquiry,Midwest,Closed,3.51,False
OPS-100958,2025-02-25,2025-03-04,Renewal Processing,West,Closed,7.35,False
OPS-100557,2025-02-25,2025-02-28,Service Request,Northeast,Closed,3.55,False
OPS-101077,2025-02-25,2025-03-04,Eligibility Check,Southwest,Closed,7.33,False
OPS-100141,2025-02-25,2025-02-27,Account Setup,West,Closed,2.72,False
OPS-100621,2025-02-25,2025-03-02,Service Request,Southwest,Closed,5.23,False
OPS-100745,2025-02-25,2025-03-13,Documentation Review,Northeast,Closed,16.65,False
OPS-101148,2025-02-25,2025-03-05,Dispute Resolution,West,Closed,8.39,False
OPS-102006,2025-02-25,2025-02-27,Billing Inquiry,Southwest,Closed,1.96,False
OPS-100559,2025-02-26,2025-02-28,Eligibility Check,West,Closed,1.96,False
OPS-102097,2025-02-26,2025-03-01,Service Request,Midwest,Closed,3.4,False
OPS-101269,2025-02-26,2025-03-01,Renewal Processing,Southwest,Closed,3.09,False
OPS-100125,2025-02-26,2025-02-28,Renewal Processing,Southeast,Closed,2.92,False
OPS-101829,2025-02-26,2025-03-03,Renewal Processing,Southeast,Closed,5.84,False
OPS-101920,2025-02-26,2025-03-02,Renewal Processing,Midwest,Closed,4.41,False
OPS-100508,2025-02-26,2025-03-02,Billing Inquiry,Southwest,Closed,4.24,True
OPS-100358,2025-02-26,2025-02-28,Eligibility Check,Midwest,Closed,2.04,False
OPS-101569,2025-02-26,2025-02-28,Service Request,Northeast,Closed,2.93,False
OPS-101724,2025-02-27,,Billing Inquiry,Midwest,Open,,False
OPS-101320,2025-02-27,2025-04-07,Eligibility Check,Midwest,Closed,39.05,False
OPS-100677,2025-02-27,2025-03-11,Documentation Review,Northeast,Closed,12.43,False
OPS-101557,2025-02-27,2025-02-28,Billing Inquiry,Midwest,Closed,1.76,False
OPS-101331,2025-02-27,2025-02-28,Account Setup,Midwest,Closed,1.48,False
OPS-100906,2025-02-27,2025-03-02,Billing Inquiry,Southeast,Closed,3.49,False
OPS-101473,2025-02-27,2025-03-07,Documentation Review,Northeast,Closed,8.05,False
OPS-100580,2025-02-28,2025-03-01,Account Setup,Northeast,Closed,1.88,False
OPS-100089,2025-02-28,2025-03-01,Billing Inquiry,Northeast,Closed,1.09,False
OPS-101268,2025-02-28,2025-02-28,Billing Inquiry,Southeast,Closed,0.89,False
OPS-101852,2025-02-28,2025-03-05,Eligibility Check,West,Closed,5.23,False
OPS-101818,2025-02-28,2025-03-07,Account Setup,West,Closed,7.62,False
OPS-101126,2025-02-28,2025-03-05,Documentation Review,Midwest,Closed,5.25,False
OPS-100202,2025-02-28,2025-03-09,Dispute Resolution,Southwest,Closed,9.75,True
OPS-102172,2025-03-01,2025-03-01,Eligibility Check,Southwest,Closed,0.39,False
OPS-102169,2025-03-01,2025-03-09,Documentation Review,West,Closed,8.24,False
OPS-102066,2025-03-01,2025-03-09,Documentation Review,Southeast,Closed,8.51,True
OPS-100503,2025-03-02,2025-03-03,Data Correction,West,Closed,1.26,False
OPS-101686,2025-03-02,2025-03-07,Renewal Processing,West,Closed,5.4,False
OPS-100437,2025-03-03,2025-03-06,Billing Inquiry,Midwest,Closed,3.82,False
OPS-101174,2025-03-03,2025-03-06,Eligibility Check,Midwest,Closed,3.56,False
OPS-100277,2025-03-03,2025-03-10,Billing Inquiry,Northeast,Closed,7.53,False
OPS-101687,2025-03-03,2025-03-05,Data Correction,Southeast,Closed,2.1,False
OPS-100209,2025-03-03,2025-03-12,Renewal Processing,Northeast,Closed,9.0,False
OPS-102062,2025-03-03,2025-03-03,Billing Inquiry,Northeast,Closed,0.77,False
OPS-102069,2025-03-03,2025-03-10,Dispute Resolution,Southwest,Closed,7.04,True
OPS-101880,2025-03-03,2025-03-08,Documentation Review,West,Closed,5.29,False
OPS-101505,2025-03-03,2025-03-05,Account Setup,Midwest,Closed,2.79,False
OPS-100808,2025-03-03,2025-03-04,Account Setup,Midwest,Closed,1.23,False
OPS-102134,2025-03-03,2025-03-04,Data Correction,Midwest,Closed,1.54,False
OPS-100575,2025-03-03,2025-03-14,Documentation Review,Midwest,Closed,11.43,False
OPS-100744,2025-03-04,2025-03-06,Billing Inquiry,Southwest,Closed,1.99,False
OPS-100469,2025-03-04,2025-03-08,Eligibility Check,Southwest,Closed,4.54,False
OPS-101475,2025-03-04,2025-03-10,Data Correction,Northeast,Closed,6.26,True
OPS-101032,2025-03-04,2025-03-05,Eligibility Check,Southeast,Closed,1.7,False
OPS-101969,2025-03-04,2025-03-16,Eligibility Check,Southeast,Closed,12.36,False
OPS-100720,2025-03-05,2025-03-08,Renewal Processing,Southeast,Closed,3.3,False
OPS-100499,2025-03-05,2025-03-08,Data Correction,Midwest,Closed,3.65,False
OPS-102197,2025-03-05,2025-03-13,Dispute Resolution,Northeast,Closed,8.86,False
OPS-101437,2025-03-06,2025-03-10,Billing Inquiry,Northeast,Closed,4.29,False
OPS-100839,2025-03-06,2025-03-08,Service Request,Midwest,Closed,2.8,False
OPS-100729,2025-03-06,2025-03-09,Service Request,Midwest,Closed,3.44,False
OPS-100859,2025-03-06,2025-03-09,Billing Inquiry,West,Closed,3.53,False
OPS-102031,2025-03-06,2025-03-06,Account Setup,Midwest,Closed,0.8,False
OPS-100303,2025-03-06,2025-03-10,Data Correction,Southwest,Closed,4.43,False
OPS-100647,2025-03-06,2025-03-07,Account Setup,Southwest,Closed,1.01,False
OPS-101826,2025-03-06,2025-03-09,Service Request,Southeast,Closed,3.38,False
OPS-100171,2025-03-06,2025-03-11,Billing Inquiry,Southeast,Closed,4.98,False
OPS-101131,2025-03-06,2025-03-06,Billing Inquiry,Northeast,Closed,0.2,False
OPS-100182,2025-03-07,2025-03-10,Account Setup,West,Closed,2.95,True
OPS-102110,2025-03-07,2025-03-08,Eligibility Check,Southwest,Closed,1.78,False
OPS-101474,2025-03-07,2025-03-15,Dispute Resolution,Southeast,Closed,8.59,False
OPS-100842,2025-03-07,2025-03-11,Dispute Resolution,Midwest,Closed,4.11,False
OPS-101999,2025-03-07,2025-03-09,Account Setup,Northeast,Closed,2.49,False
OPS-101356,2025-03-07,,Eligibility Check,Northeast,Open,,False
OPS-100504,2025-03-07,2025-03-12,Service Request,Midwest,Closed,5.81,False
OPS-101621,2025-03-07,2025-03-13,Service Request,Midwest,Closed,6.29,False
OPS-100957,2025-03-07,2025-03-07,Account Setup,Southeast,Closed,0.85,False
OPS-100147,2025-03-08,2025-03-11,Data Correction,Northeast,Closed,3.3,False
OPS-101215,2025-03-09,2025-03-13,Billing Inquiry,Southwest,Closed,4.83,False
OPS-100355,2025-03-09,2025-03-12,Service Request,Northeast,Closed,3.35,False
OPS-102015,2025-03-09,2025-03-14,Billing Inquiry,Northeast,Closed,5.57,False
OPS-101365,2025-03-09,2025-03-10,Data Correction,Midwest,Closed,1.8,True
OPS-101695,2025-03-09,2025-03-16,Service Request,Southeast,Closed,7.09,False
OPS-101775,2025-03-09,2025-03-11,Billing Inquiry,Midwest,Closed,1.96,False
OPS-100899,2025-03-09,2025-04-08,Billing Inquiry,Southwest,Closed,30.49,False
OPS-100536,2025-03-10,2025-03-11,Billing Inquiry,Southeast,Closed,1.36,False
OPS-100288,2025-03-10,2025-03-11,Account Setup,Northeast,Closed,1.29,False
OPS-102184,2025-03-10,2025-03-12,Data Correction,West,Closed,2.18,True
OPS-101258,2025-03-10,2025-03-12,Account Setup,Midwest,Closed,2.28,True
OPS-100695,2025-03-11,2025-03-14,Account Setup,Southwest,Closed,2.97,False
OPS-101679,2025-03-11,2025-03-28,Documentation Review,Midwest,Closed,17.89,False
OPS-101822,2025-03-11,2025-03-11,Billing Inquiry,West,Closed,0.42,False
OPS-101521,2025-03-11,2025-03-13,Eligibility Check,West,Closed,2.48,False
OPS-101863,2025-03-11,2025-03-16,Service Request,Southwest,Closed,5.73,False
OPS-100959,2025-03-11,2025-03-12,Billing Inquiry,Southeast,Closed,1.92,False
OPS-101868,2025-03-11,2025-03-16,Renewal Processing,Midwest,Closed,5.36,False
OPS-101023,2025-03-12,2025-03-13,Service Request,Midwest,Closed,1.8,False
OPS-100243,2025-03-12,2025-03-17,Eligibility Check,Midwest,Closed,5.72,True
OPS-102075,2025-03-12,2025-03-12,Account Setup,Southeast,Closed,0.66,False
OPS-100327,2025-03-12,2025-03-14,Renewal Processing,West,Closed,2.73,False
OPS-100950,2025-03-12,2025-03-18,Account Setup,Southeast,Closed,6.1,False
OPS-102028,2025-03-12,2025-03-19,Eligibility Check,Southwest,Closed,6.99,False
OPS-100581,2025-03-12,2025-03-14,Account Setup,Midwest,Closed,2.44,False
OPS-101747,2025-03-12,2025-03-14,Account Setup,West,Closed,2.54,False
OPS-101738,2025-03-12,2025-03-18,Eligibility Check,Northeast,Closed,6.54,True
OPS-100978,2025-03-12,,Account Setup,Southwest,Open,,False
OPS-102135,2025-03-12,2025-03-12,Account Setup,Northeast,Closed,0.58,False
OPS-102111,2025-03-13,2025-03-14,Dispute Resolution,Midwest,Closed,1.25,False
OPS-101396,2025-03-13,2025-03-18,Data Correction,Southwest,Closed,5.2,False
OPS-101382,2025-03-13,2025-03-15,Documentation Review,Northeast,Closed,2.35,False
OPS-100817,2025-03-13,2025-03-17,Account Setup,Midwest,Closed,4.23,False
OPS-100302,2025-03-13,2025-03-24,Renewal Processing,Midwest,Closed,11.7,False
OPS-101154,2025-03-13,2025-03-15,Eligibility Check,Midwest,Closed,2.28,True
OPS-100323,2025-03-13,2025-03-21,Service Request,Southeast,Closed,8.51,False
OPS-101332,2025-03-14,2025-03-22,Eligibility Check,West,Closed,8.75,False
OPS-101447,2025-03-14,2025-03-20,Documentation Review,Midwest,Closed,6.43,False
OPS-100569,2025-03-14,2025-03-26,Renewal Processing,West,Closed,12.88,False
OPS-100960,2025-03-14,2025-03-16,Renewal Processing,Midwest,Closed,2.66,False
OPS-101167,2025-03-14,2025-03-20,Service Request,Northeast,Closed,5.97,False
OPS-101461,2025-03-15,2025-03-17,Renewal Processing,Southeast,Closed,2.18,False
OPS-100689,2025-03-15,2025-03-15,Account Setup,Northeast,Closed,0.79,False
OPS-101058,2025-03-16,2025-03-18,Service Request,Southeast,Closed,2.45,False
OPS-101417,2025-03-17,2025-03-20,Account Setup,Midwest,Closed,3.2,False
OPS-101076,2025-03-17,2025-03-23,Eligibility Check,West,Closed,6.32,False
OPS-100923,2025-03-17,2025-03-19,Eligibility Check,West,Closed,1.97,False
OPS-101878,2025-03-18,2025-03-19,Account Setup,Southeast,Closed,1.94,False
OPS-101416,2025-03-18,2025-03-22,Documentation Review,Midwest,Closed,4.37,False
OPS-101815,2025-03-18,2025-03-20,Eligibility Check,Southeast,Closed,2.7,False
OPS-102047,2025-03-18,2025-03-23,Account Setup,Northeast,Closed,4.99,False
OPS-100495,2025-03-19,2025-03-23,Billing Inquiry,Southeast,Closed,4.12,False
OPS-101956,2025-03-19,2025-03-25,Renewal Processing,Northeast,Closed,6.82,False
OPS-101201,2025-03-19,2025-03-20,Data Correction,Southeast,Closed,1.33,False
OPS-101572,2025-03-19,2025-03-24,Service Request,Southeast,Closed,5.65,False
OPS-101913,2025-03-19,2025-03-21,Eligibility Check,Midwest,Closed,2.34,False
OPS-101532,2025-03-19,2025-03-23,Service Request,Midwest,Closed,4.12,False
OPS-100610,2025-03-20,2025-03-20,Account Setup,West,Closed,0.3,False
OPS-100153,2025-03-20,2025-03-21,Eligibility Check,Midwest,Closed,1.03,False
OPS-100016,2025-03-20,2025-03-24,Account Setup,Southeast,Closed,4.84,False
OPS-100968,2025-03-20,2025-03-21,Account Setup,Southwest,Closed,1.44,False
OPS-100919,2025-03-20,2025-03-28,Billing Inquiry,Southeast,Closed,8.35,False
OPS-100164,2025-03-20,2025-03-23,Service Request,West,Closed,3.77,False
OPS-100380,2025-03-20,2025-03-22,Account Setup,West,Closed,2.93,False
OPS-100065,2025-03-20,2025-03-26,Account Setup,West,Closed,6.36,False
OPS-101892,2025-03-20,2025-03-22,Data Correction,Southwest,Closed,1.95,False
OPS-100227,2025-03-20,2025-03-28,Service Request,Northeast,Closed,8.51,False
OPS-101292,2025-03-20,2025-03-20,Data Correction,Midwest,Closed,0.74,False
OPS-100831,2025-03-20,2025-03-21,Account Setup,Northeast,Closed,0.96,False
OPS-100628,2025-03-20,2025-03-22,Data Correction,Midwest,Closed,2.25,False
OPS-101798,2025-03-20,2025-03-25,Billing Inquiry,West,Closed,5.71,False
OPS-101125,2025-03-20,2025-03-26,Data Correction,Midwest,Closed,6.38,False
OPS-100541,2025-03-21,2025-03-22,Data Correction,Northeast,Closed,1.13,False
OPS-101587,2025-03-21,2025-03-22,Account Setup,Southwest,Closed,1.54,False
OPS-100078,2025-03-21,2025-03-23,Data Correction,Southeast,Closed,2.01,False
OPS-100066,2025-03-22,2025-04-18,Dispute Resolution,Northeast,Closed,27.73,True
OPS-101212,2025-03-23,2025-03-30,Eligibility Check,Southwest,Closed,7.71,False
OPS-101879,2025-03-23,2025-03-28,Eligibility Check,Southeast,Closed,5.22,False
OPS-101723,2025-03-24,2025-03-31,Renewal Processing,Midwest,Closed,7.56,False
OPS-101217,2025-03-24,2025-03-27,Dispute Resolution,Southwest,Closed,3.53,False
OPS-100705,2025-03-24,2025-03-25,Service Request,Southeast,Closed,1.07,False
OPS-101301,2025-03-24,2025-03-28,Service Request,Southeast,Closed,4.66,False
OPS-101030,2025-03-24,2025-03-27,Documentation Review,Northeast,Closed,3.55,False
OPS-102191,2025-03-24,2025-03-29,Dispute Resolution,Southeast,Closed,5.72,False
OPS-101316,2025-03-24,2025-03-30,Service Request,West,Closed,6.24,False
OPS-101343,2025-03-24,2025-03-26,Billing Inquiry,Southeast,Closed,2.45,False
OPS-100716,2025-03-24,2025-03-27,Billing Inquiry,Midwest,Closed,3.63,False
OPS-101289,2025-03-25,2025-03-29,Eligibility Check,Southeast,Closed,4.38,False
OPS-100489,2025-03-25,2025-04-07,Eligibility Check,Southeast,Closed,13.53,False
OPS-100835,2025-03-25,2025-03-27,Service Request,Midwest,Closed,2.39,False
OPS-100062,2025-03-25,2025-03-27,Eligibility Check,West,Closed,2.57,False
OPS-101200,2025-03-25,2025-03-28,Account Setup,Southeast,Closed,3.0,False
OPS-100352,2025-03-25,2025-03-29,Service Request,Southeast,Closed,3.98,False
OPS-101398,2025-03-25,2025-04-07,Renewal Processing,West,Closed,12.96,False
OPS-102175,2025-03-25,2025-03-25,Billing Inquiry,Northeast,Closed,0.76,False
OPS-101327,2025-03-25,2025-03-28,Account Setup,Northeast,Closed,3.79,False
OPS-101841,2025-03-26,2025-04-01,Dispute Resolution,Northeast,Closed,6.53,False
OPS-100863,2025-03-26,2025-03-27,Data Correction,Southeast,Closed,1.09,False
OPS-101445,2025-03-26,2025-03-29,Dispute Resolution,Midwest,Closed,2.95,False
OPS-100284,2025-03-26,2025-03-26,Data Correction,Midwest,Closed,0.49,False
OPS-101796,2025-03-26,2025-03-31,Account Setup,Southeast,Closed,5.29,False
OPS-101571,2025-03-26,2025-04-01,Renewal Processing,West,Closed,5.98,False
OPS-101617,2025-03-26,2025-03-27,Billing Inquiry,Northeast,Closed,1.07,True
OPS-100771,2025-03-26,2025-03-31,Service Request,West,Closed,5.31,False
OPS-100057,2025-03-26,2025-04-05,Dispute Resolution,Southeast,Closed,10.05,False
OPS-100488,2025-03-27,2025-03-30,Billing Inquiry,Southeast,Closed,3.08,False
OPS-100353,2025-03-27,2025-04-04,Renewal Processing,West,Closed,8.12,False
OPS-102092,2025-03-27,2025-03-29,Account Setup,Southeast,Closed,2.17,False
OPS-101962,2025-03-27,2025-03-28,Data Correction,West,Closed,1.38,False
OPS-100143,2025-03-27,2025-03-27,Billing Inquiry,Southeast,Closed,0.13,False
OPS-100460,2025-03-27,2025-03-27,Data Correction,Southeast,Closed,0.87,False
OPS-101264,2025-03-28,2025-04-03,Dispute Resolution,Northeast,Closed,6.45,False
OPS-100671,2025-03-28,2025-03-29,Eligibility Check,Southwest,Closed,1.2,False
OPS-100464,2025-03-29,2025-03-30,Eligibility Check,Southwest,Closed,1.87,False
OPS-101755,2025-03-29,2025-04-01,Service Request,Southwest,Closed,3.79,False
OPS-101312,2025-03-29,2025-04-02,Renewal Processing,Northeast,Closed,4.76,False
OPS-100113,2025-03-30,2025-04-28,Billing Inquiry,Northeast,Closed,29.18,False
OPS-101770,2025-03-30,2025-03-31,Renewal Processing,Southwest,Closed,1.32,False
OPS-101900,2025-03-31,2025-04-01,Billing Inquiry,Midwest,Closed,1.25,True
OPS-100211,2025-03-31,2025-04-03,Renewal Processing,Southeast,Closed,3.03,False
OPS-100132,2025-03-31,2025-04-01,Data Correction,Midwest,Closed,1.52,False
OPS-101860,2025-03-31,2025-04-02,Renewal Processing,Midwest,Closed,2.03,False
OPS-100879,2025-03-31,2025-04-06,Billing Inquiry,Northeast,Closed,5.96,False
OPS-101688,2025-03-31,2025-04-06,Renewal Processing,West,Closed,6.47,False
OPS-100120,2025-04-01,2025-04-06,Account Setup,Southwest,Closed,5.69,False
OPS-102187,2025-04-01,2025-04-02,Account Setup,Southeast,Closed,1.25,False
OPS-100928,2025-04-01,2025-04-05,Service Request,West,Closed,4.26,False
OPS-101094,2025-04-01,2025-04-12,Eligibility Check,Midwest,Closed,11.62,False
OPS-100813,2025-04-01,2025-04-09,Service Request,Midwest,Closed,8.08,False
OPS-100558,2025-04-01,2025-04-01,Service Request,Southwest,Closed,0.74,False
OPS-101273,2025-04-01,2025-04-05,Documentation Review,West,Closed,4.27,True
OPS-101231,2025-04-01,2025-04-02,Eligibility Check,Southeast,Closed,1.47,False
OPS-101279,2025-04-02,2025-04-05,Service Request,Southwest,Closed,3.47,False
OPS-100392,2025-04-02,2025-04-03,Service Request,West,Closed,1.92,False
OPS-100348,2025-04-02,2025-04-03,Billing Inquiry,Midwest,Closed,1.46,False
OPS-100577,2025-04-02,2025-04-07,Eligibility Check,West,Closed,5.48,False
OPS-100482,2025-04-02,2025-04-06,Account Setup,Northeast,Closed,4.85,False
OPS-100129,2025-04-02,2025-04-03,Eligibility Check,Northeast,Closed,1.06,False
OPS-100658,2025-04-03,2025-04-18,Dispute Resolution,Southwest,Closed,15.04,False
OPS-101482,2025-04-03,2025-04-06,Documentation Review,Northeast,Closed,3.83,False
OPS-100273,2025-04-03,2025-04-05,Eligibility Check,Southwest,Closed,2.72,False
OPS-100697,2025-04-03,2025-04-03,Billing Inquiry,West,Closed,0.66,False
OPS-100134,2025-04-03,2025-04-15,Documentation Review,Southeast,Closed,12.56,False
OPS-100772,2025-04-03,2025-04-03,Account Setup,Northeast,Closed,0.34,False
OPS-100674,2025-04-04,2025-04-04,Account Setup,Northeast,Closed,0.74,False
OPS-100826,2025-04-04,2025-05-18,Billing Inquiry,Southeast,Closed,44.8,False
OPS-100803,2025-04-04,2025-04-14,Dispute Resolution,Southeast,Closed,10.2,True
OPS-102029,2025-04-04,2025-04-06,Billing Inquiry,Southwest,Closed,2.17,False
OPS-100343,2025-04-04,2025-04-05,Billing Inquiry,West,Closed,1.47,False
OPS-100259,2025-04-04,2025-04-08,Eligibility Check,Midwest,Closed,4.09,False
OPS-100821,2025-04-04,2025-04-08,Dispute Resolution,Midwest,Closed,4.04,False
OPS-101337,2025-04-04,2025-04-05,Service Request,Southeast,Closed,1.15,False
OPS-100233,2025-04-04,2025-04-06,Billing Inquiry,Midwest,Closed,2.3,False
OPS-101306,2025-04-05,2025-04-08,Eligibility Check,Southwest,Closed,3.54,False
OPS-100593,2025-04-06,2025-04-09,Renewal Processing,Midwest,Closed,3.47,False
OPS-102194,2025-04-06,2025-04-09,Documentation Review,Southeast,Closed,3.68,False
OPS-100523,2025-04-07,2025-04-11,Documentation Review,West,Closed,4.59,False
OPS-100881,2025-04-07,,Account Setup,West,Open,,True
OPS-100196,2025-04-07,2025-04-13,Billing Inquiry,Southeast,Closed,6.28,False
OPS-101206,2025-04-07,2025-04-11,Eligibility Check,Southwest,Closed,4.1,False
OPS-101011,2025-04-07,2025-04-08,Service Request,Midwest,Closed,1.31,False
OPS-102038,2025-04-07,2025-04-08,Eligibility Check,Northeast,Closed,1.63,False
OPS-101918,2025-04-07,2025-04-09,Billing Inquiry,Southeast,Closed,2.54,False
OPS-100789,2025-04-07,2025-04-09,Service Request,Southeast,Closed,2.61,False
OPS-100359,2025-04-07,2025-04-10,Account Setup,Northeast,Closed,3.72,False
OPS-102154,2025-04-08,2025-04-09,Data Correction,Northeast,Closed,1.79,False
OPS-101823,2025-04-08,2025-04-08,Renewal Processing,Southeast,Closed,0.51,False
OPS-100783,2025-04-08,2025-04-25,Service Request,Northeast,Closed,17.0,False
OPS-100246,2025-04-08,2025-04-08,Account Setup,West,Closed,0.31,False
OPS-101937,2025-04-08,2025-04-09,Data Correction,West,Closed,1.94,False
OPS-100244,2025-04-09,2025-04-11,Eligibility Check,West,Closed,2.17,False
OPS-102104,2025-04-09,2025-04-10,Account Setup,Midwest,Closed,1.89,False
OPS-101584,2025-04-09,2025-04-11,Eligibility Check,Southwest,Closed,2.84,False
OPS-100424,2025-04-09,2025-04-10,Service Request,Northeast,Closed,1.55,False
OPS-101717,2025-04-09,2025-04-10,Eligibility Check,Midwest,Closed,1.17,False
OPS-101904,2025-04-09,2025-04-11,Renewal Processing,Midwest,Closed,2.32,False
OPS-101345,2025-04-09,2025-04-14,Eligibility Check,Midwest,Closed,5.53,False
OPS-100975,2025-04-09,2025-04-09,Account Setup,Southwest,Closed,0.79,False
OPS-100477,2025-04-10,2025-04-11,Data Correction,Northeast,Closed,1.44,False
OPS-101800,2025-04-10,2025-04-12,Service Request,Southwest,Closed,2.41,False
OPS-100878,2025-04-10,,Service Request,West,Open,,False
OPS-101931,2025-04-10,2025-04-15,Service Request,West,Closed,5.76,False
OPS-101061,2025-04-10,2025-04-18,Service Request,Southwest,Closed,8.13,False
OPS-101246,2025-04-10,2025-04-16,Service Request,Midwest,Closed,6.48,False
OPS-101071,2025-04-10,2025-04-10,Service Request,Northeast,Closed,0.42,False
OPS-100830,2025-04-10,2025-04-14,Dispute Resolution,Northeast,Closed,4.7,False
OPS-101431,2025-04-11,2025-04-24,Renewal Processing,West,Closed,13.87,False
OPS-102018,2025-04-11,2025-04-18,Renewal Processing,Midwest,Closed,7.53,False
OPS-101959,2025-04-11,2025-04-14,Billing Inquiry,West,Closed,3.1,False
OPS-100447,2025-04-11,2025-04-28,Dispute Resolution,West,Closed,17.88,False
OPS-100335,2025-04-11,2025-04-12,Service Request,Northeast,Closed,1.85,True
OPS-102113,2025-04-11,2025-04-13,Data Correction,Northeast,Closed,2.27,False
OPS-101561,2025-04-11,2025-04-14,Billing Inquiry,Southwest,Closed,3.66,False
OPS-101960,2025-04-12,2025-04-18,Eligibility Check,Southeast,Closed,6.04,False
OPS-100922,2025-04-13,2025-04-15,Billing Inquiry,Northeast,Closed,2.46,False
OPS-100350,2025-04-13,2025-04-14,Eligibility Check,West,Closed,1.2,False
OPS-100449,2025-04-13,2025-04-13,Data Correction,Northeast,Closed,0.61,False
OPS-101671,2025-04-14,2025-04-22,Billing Inquiry,Southwest,Closed,8.09,False
OPS-101984,2025-04-14,2025-04-16,Renewal Processing,West,Closed,2.68,False
OPS-100776,2025-04-14,2025-04-14,Service Request,Southeast,Closed,0.84,False
OPS-101362,2025-04-14,2025-04-23,Renewal Processing,Midwest,Closed,9.59,False
OPS-100769,2025-04-14,2025-04-18,Billing Inquiry,West,Closed,4.92,False
OPS-101451,2025-04-14,2025-04-15,Billing Inquiry,Northeast,Closed,1.47,False
OPS-101112,2025-04-14,2025-04-24,Eligibility Check,Midwest,Closed,10.16,False
OPS-101253,2025-04-14,2025-04-15,Account Setup,Midwest,Closed,1.55,False
OPS-101819,2025-04-14,2025-04-19,Dispute Resolution,Southeast,Closed,5.37,False
OPS-100990,2025-04-15,,Billing Inquiry,Southeast,Open,,False
OPS-100818,2025-04-15,2025-04-17,Billing Inquiry,Midwest,Closed,2.15,False
OPS-100644,2025-04-15,2025-04-18,Billing Inquiry,Southwest,Closed,2.95,False
OPS-100599,2025-04-15,2025-04-21,Dispute Resolution,Southwest,Closed,6.48,False
OPS-101799,2025-04-15,2025-04-15,Billing Inquiry,Northeast,Closed,0.84,False
OPS-100497,2025-04-16,2025-04-16,Account Setup,Southeast,Closed,0.86,False
OPS-101448,2025-04-16,2025-04-17,Billing Inquiry,Southwest,Closed,1.65,False
OPS-101063,2025-04-16,2025-05-06,Eligibility Check,Southwest,Closed,20.91,False
OPS-101801,2025-04-16,2025-04-21,Documentation Review,Midwest,Closed,5.62,False
OPS-101845,2025-04-17,2025-04-20,Billing Inquiry,West,Closed,3.19,False
OPS-100119,2025-04-17,2025-04-24,Renewal Processing,West,Closed,7.16,False
OPS-101512,2025-04-17,2025-04-20,Renewal Processing,Midwest,Closed,3.4,True
OPS-100019,2025-04-18,2025-04-20,Billing Inquiry,Northeast,Closed,2.29,False
OPS-102042,2025-04-18,2025-04-27,Eligibility Check,West,Closed,9.38,False
OPS-100585,2025-04-18,2025-04-19,Service Request,Southwest,Closed,1.63,False
OPS-100095,2025-04-18,2025-04-18,Account Setup,Midwest,Closed,0.59,False
OPS-101772,2025-04-18,2025-04-20,Eligibility Check,Northeast,Closed,2.39,False
OPS-101004,2025-04-18,2025-04-21,Renewal Processing,West,Closed,3.71,False
OPS-100439,2025-04-18,2025-04-18,Billing Inquiry,Midwest,Closed,0.81,False
OPS-101497,2025-04-18,2025-04-21,Account Setup,West,Closed,3.45,False
OPS-101078,2025-04-18,2025-04-21,Billing Inquiry,Midwest,Closed,3.71,False
OPS-100328,2025-04-19,2025-04-19,Data Correction,Northeast,Closed,0.66,False
OPS-101283,2025-04-19,2025-04-19,Service Request,Northeast,Closed,0.45,False
OPS-100597,2025-04-19,2025-04-19,Documentation Review,Midwest,Closed,0.34,False
OPS-100684,2025-04-20,2025-05-02,Eligibility Check,Midwest,Closed,12.4,False
OPS-101378,2025-04-20,2025-04-22,Dispute Resolution,West,Closed,2.49,True
OPS-100478,2025-04-20,2025-04-26,Dispute Resolution,West,Closed,6.94,False
OPS-100228,2025-04-20,2025-04-21,Service Request,Midwest,Closed,1.59,False
OPS-100064,2025-04-20,2025-04-20,Service Request,West,Closed,0.57,False
OPS-101703,2025-04-21,2025-04-21,Eligibility Check,Northeast,Closed,0.81,False
OPS-100390,2025-04-21,2025-05-01,Dispute Resolution,Northeast,Closed,10.02,False
OPS-100459,2025-04-21,2025-04-22,Billing Inquiry,Southeast,Closed,1.86,False
OPS-101745,2025-04-21,,Data Correction,West,Open,,False
OPS-101484,2025-04-21,2025-05-02,Billing Inquiry,Midwest,Closed,11.07,False
OPS-101881,2025-04-21,,Billing Inquiry,Southeast,Open,,False
OPS-101495,2025-04-21,2025-04-27,Documentation Review,Midwest,Closed,6.43,True
OPS-100563,2025-04-21,2025-04-24,Billing Inquiry,Northeast,Closed,3.35,False
OPS-101774,2025-04-22,2025-04-25,Account Setup,Southwest,Closed,3.56,False
OPS-100996,2025-04-22,2025-04-24,Eligibility Check,Southwest,Closed,2.9,False
OPS-101661,2025-04-22,2025-04-24,Account Setup,West,Closed,2.2,False
OPS-101864,2025-04-22,2025-04-23,Account Setup,Southeast,Closed,1.84,False
OPS-101750,2025-04-22,2025-04-28,Documentation Review,West,Closed,6.57,False
OPS-100307,2025-04-22,2025-04-29,Renewal Processing,Southwest,Closed,7.22,True
OPS-100533,2025-04-22,2025-04-24,Billing Inquiry,West,Closed,2.92,False
OPS-101930,2025-04-23,2025-04-27,Dispute Resolution,Midwest,Closed,4.23,False
OPS-100012,2025-04-23,2025-04-26,Data Correction,Midwest,Closed,3.28,False
OPS-100299,2025-04-23,2025-04-26,Eligibility Check,Southeast,Closed,2.97,False
OPS-101847,2025-04-23,2025-04-26,Billing Inquiry,Northeast,Closed,3.08,False
OPS-101632,2025-04-23,2025-04-30,Documentation Review,Southeast,Closed,7.55,False
OPS-101558,2025-04-23,2025-04-26,Renewal Processing,West,Closed,3.4,False
OPS-101223,2025-04-24,2025-05-02,Documentation Review,Midwest,Closed,8.16,False
OPS-101035,2025-04-24,2025-04-24,Account Setup,Southwest,Closed,0.36,False
OPS-101091,2025-04-24,2025-05-13,Dispute Resolution,West,Closed,19.42,False
OPS-101492,2025-04-25,2025-04-26,Account Setup,Northeast,Closed,1.34,False
OPS-100411,2025-04-25,2025-04-28,Data Correction,Southeast,Closed,3.09,False
OPS-100564,2025-04-25,2025-04-25,Account Setup,Southeast,Closed,0.9,False
OPS-100466,2025-04-25,2025-04-26,Data Correction,Midwest,Closed,1.05,False
OPS-100121,2025-04-25,2025-04-27,Account Setup,Midwest,Closed,1.99,False
OPS-102003,2025-04-25,2025-04-26,Service Request,Southeast,Closed,1.08,False
OPS-100491,2025-04-25,2025-04-26,Documentation Review,West,Closed,1.81,False
OPS-101376,2025-04-26,2025-04-29,Data Correction,Southwest,Closed,3.12,False
OPS-100250,2025-04-26,2025-05-01,Service Request,Northeast,Closed,5.33,False
OPS-102020,2025-04-26,2025-04-27,Billing Inquiry,West,Closed,1.34,False
OPS-100492,2025-04-27,2025-05-01,Data Correction,Southwest,Closed,4.19,False
OPS-101128,2025-04-27,2025-04-30,Eligibility Check,Southeast,Closed,3.95,False
OPS-100718,2025-04-27,2025-04-29,Account Setup,West,Closed,2.64,False
OPS-101161,2025-04-27,2025-05-03,Documentation Review,West,Closed,6.88,False
OPS-100905,2025-04-27,2025-04-28,Service Request,West,Closed,1.9,False
OPS-101464,2025-04-27,2025-04-28,Billing Inquiry,Southwest,Closed,1.33,False
OPS-100325,2025-04-27,2025-05-02,Account Setup,Southeast,Closed,5.19,False
OPS-101197,2025-04-28,2025-04-29,Account Setup,Southeast,Closed,1.76,False
OPS-100611,2025-04-28,2025-04-30,Data Correction,Southeast,Closed,2.14,False
OPS-100698,2025-04-28,2025-05-03,Service Request,West,Closed,4.95,False
OPS-101042,2025-04-28,2025-05-02,Renewal Processing,Southwest,Closed,4.67,False
OPS-102150,2025-04-28,2025-04-28,Billing Inquiry,Northeast,Closed,0.81,False
OPS-100420,2025-04-28,2025-04-30,Data Correction,Northeast,Closed,2.44,False
OPS-101189,2025-04-28,2025-04-30,Billing Inquiry,Midwest,Closed,2.15,False
OPS-101896,2025-04-28,2025-04-29,Service Request,Northeast,Closed,1.09,False
OPS-100157,2025-04-29,2025-05-06,Eligibility Check,West,Closed,7.15,False
OPS-100364,2025-04-29,2025-05-03,Service Request,West,Closed,4.66,False
OPS-101291,2025-04-29,2025-04-30,Account Setup,West,Closed,1.86,False
OPS-101718,2025-04-29,2025-05-01,Service Request,Midwest,Closed,2.74,False
OPS-101010,2025-04-30,2025-05-01,Documentation Review,West,Closed,1.5,False
OPS-100185,2025-04-30,2025-05-14,Dispute Resolution,West,Closed,14.48,False
OPS-101024,2025-04-30,2025-05-01,Account Setup,Northeast,Closed,1.11,False
OPS-100077,2025-04-30,2025-05-03,Billing Inquiry,Southeast,Closed,3.34,False
OPS-101916,2025-04-30,2025-05-01,Service Request,Southwest,Closed,1.4,False
OPS-101499,2025-04-30,2025-05-01,Documentation Review,Southeast,Closed,1.43,False
OPS-102199,2025-05-01,2025-05-10,Dispute Resolution,Southeast,Closed,9.75,False
OPS-100080,2025-05-01,2025-05-06,Documentation Review,Midwest,Closed,5.6,False
OPS-100222,2025-05-01,2025-05-06,Dispute Resolution,Southwest,Closed,5.72,False
OPS-101120,2025-05-01,2025-05-05,Account Setup,Southeast,Closed,4.64,False
OPS-101043,2025-05-01,2025-05-03,Billing Inquiry,Northeast,Closed,2.26,False
OPS-100053,2025-05-01,2025-05-05,Service Request,Northeast,Closed,4.69,False
OPS-100823,2025-05-01,2025-05-05,Service Request,Southwest,Closed,4.28,False
OPS-100410,2025-05-01,2025-05-03,Data Correction,Southwest,Closed,2.22,False
OPS-100060,2025-05-02,2025-05-04,Service Request,West,Closed,2.77,False
OPS-101360,2025-05-02,2025-05-04,Service Request,West,Closed,2.89,False
OPS-101041,2025-05-02,2025-05-03,Service Request,Southeast,Closed,1.28,False
OPS-101050,2025-05-02,2025-05-10,Renewal Processing,Northeast,Closed,8.44,False
OPS-100039,2025-05-03,2025-05-08,Eligibility Check,Midwest,Closed,5.09,False
OPS-101307,2025-05-03,2025-05-03,Data Correction,Northeast,Closed,0.5,False
OPS-100565,2025-05-04,2025-05-07,Renewal Processing,Southwest,Closed,3.66,False
OPS-100155,2025-05-05,2025-05-17,Dispute Resolution,Southeast,Closed,12.53,False
OPS-100367,2025-05-05,2025-05-07,Account Setup,West,Closed,2.69,False
OPS-100652,2025-05-05,2025-05-05,Data Correction,Southwest,Closed,0.92,False
OPS-101500,2025-05-05,2025-05-06,Data Correction,Northeast,Closed,1.19,False
OPS-101139,2025-05-05,2025-05-12,Eligibility Check,Southwest,Closed,7.26,False
OPS-101465,2025-05-05,2025-05-18,Documentation Review,Southeast,Closed,13.85,False
OPS-101804,2025-05-06,2025-05-07,Eligibility Check,Southwest,Closed,1.24,False
OPS-102084,2025-05-06,2025-05-08,Data Correction,Northeast,Closed,2.87,False
OPS-101055,2025-05-06,2025-05-06,Data Correction,Midwest,Closed,0.89,False
OPS-101991,2025-05-06,2025-06-15,Dispute Resolution,Midwest,Closed,40.06,False
OPS-100636,2025-05-06,2025-05-07,Service Request,Northeast,Closed,1.08,True
OPS-101218,2025-05-06,2025-05-08,Account Setup,West,Closed,2.4,True
OPS-100711,2025-05-06,2025-05-12,Account Setup,Midwest,Closed,6.19,False
OPS-100648,2025-05-07,2025-05-10,Dispute Resolution,Southwest,Closed,3.1,False
OPS-101016,2025-05-07,2025-05-11,Documentation Review,Southeast,Closed,4.15,False
OPS-101233,2025-05-07,2025-05-09,Billing Inquiry,Midwest,Closed,2.13,False
OPS-101602,2025-05-07,2025-05-07,Billing Inquiry,Southwest,Closed,0.3,False
OPS-100833,2025-05-07,2025-05-09,Billing Inquiry,Southeast,Closed,2.11,False
OPS-100207,2025-05-07,2025-05-13,Billing Inquiry,Midwest,Closed,6.44,False
OPS-101694,2025-05-07,,Renewal Processing,Midwest,Open,,False
OPS-101805,2025-05-08,2025-05-09,Billing Inquiry,Southwest,Closed,1.68,False
OPS-102082,2025-05-08,2025-05-11,Service Request,Southeast,Closed,3.28,False
OPS-100274,2025-05-08,2025-05-18,Documentation Review,Midwest,Closed,10.52,False
OPS-101315,2025-05-08,2025-05-10,Dispute Resolution,Midwest,Closed,2.13,False
OPS-101595,2025-05-08,2025-05-09,Service Request,Southeast,Closed,1.42,False
OPS-100048,2025-05-08,2025-05-09,Documentation Review,Southeast,Closed,1.69,False
OPS-100847,2025-05-08,2025-05-10,Service Request,Southwest,Closed,2.44,True
OPS-101067,2025-05-09,2025-05-15,Dispute Resolution,Southeast,Closed,6.27,False
OPS-100317,2025-05-09,2025-05-13,Billing Inquiry,Northeast,Closed,4.38,False
OPS-100889,2025-05-09,2025-05-11,Renewal Processing,Southeast,Closed,2.93,False
OPS-100754,2025-05-09,2025-05-14,Eligibility Check,Midwest,Closed,5.25,False
OPS-100029,2025-05-09,2025-05-15,Service Request,Southeast,Closed,6.8,False
OPS-101127,2025-05-10,2025-05-11,Data Correction,Southeast,Closed,1.42,False
OPS-101787,2025-05-10,2025-05-11,Eligibility Check,Southwest,Closed,1.0,False
OPS-100393,2025-05-10,2025-05-12,Account Setup,Midwest,Closed,2.35,False
OPS-100530,2025-05-11,2025-05-12,Account Setup,Northeast,Closed,1.27,False
OPS-102009,2025-05-11,2025-05-13,Billing Inquiry,Midwest,Closed,2.23,False
OPS-101793,2025-05-12,2025-05-13,Billing Inquiry,West,Closed,1.21,False
OPS-101358,2025-05-12,2025-05-15,Service Request,West,Closed,3.13,False
OPS-101633,2025-05-12,2025-05-16,Eligibility Check,Southeast,Closed,4.42,False
OPS-101803,2025-05-13,2025-05-21,Billing Inquiry,Southwest,Closed,8.59,False
OPS-101987,2025-05-13,2025-05-15,Account Setup,Midwest,Closed,2.06,False
OPS-100806,2025-05-13,2025-05-17,Service Request,Southeast,Closed,4.94,False
OPS-100210,2025-05-14,2025-05-15,Service Request,Midwest,Closed,1.34,False
OPS-100091,2025-05-14,2025-05-17,Service Request,Midwest,Closed,3.78,True
OPS-100332,2025-05-14,2025-05-14,Service Request,West,Closed,0.69,False
OPS-100101,2025-05-15,2025-06-01,Dispute Resolution,West,Closed,17.69,False
OPS-100735,2025-05-15,2025-05-17,Eligibility Check,Midwest,Closed,2.3,False
OPS-100003,2025-05-15,2025-05-15,Billing Inquiry,Southwest,Closed,0.85,False
OPS-100432,2025-05-15,2025-05-16,Data Correction,Midwest,Closed,1.05,False
OPS-100465,2025-05-15,2025-05-18,Data Correction,Southeast,Closed,3.13,False
OPS-100596,2025-05-16,2025-05-21,Service Request,Southeast,Closed,5.47,False
OPS-100673,2025-05-16,2025-05-21,Billing Inquiry,Southwest,Closed,5.4,False
OPS-100490,2025-05-16,2025-05-19,Renewal Processing,Midwest,Closed,2.98,False
OPS-101059,2025-05-16,2025-05-19,Account Setup,Southeast,Closed,3.36,False
OPS-100042,2025-05-16,2025-05-20,Documentation Review,Southwest,Closed,4.79,False
OPS-101533,2025-05-18,2025-05-19,Service Request,Southeast,Closed,1.55,False
OPS-101420,2025-05-18,2025-05-24,Service Request,Southeast,Closed,6.56,False
OPS-100531,2025-05-18,2025-05-19,Billing Inquiry,Midwest,Closed,1.71,False
OPS-100054,2025-05-18,2025-05-25,Renewal Processing,Midwest,Closed,7.87,False
OPS-101524,2025-05-19,2025-05-19,Data Correction,Midwest,Closed,0.8,False
OPS-101409,2025-05-19,2025-06-28,Billing Inquiry,West,Closed,40.05,False
OPS-100799,2025-05-19,2025-05-20,Account Setup,Southwest,Closed,1.09,False
OPS-101386,2025-05-19,2025-05-21,Documentation Review,Midwest,Closed,2.77,False
OPS-100445,2025-05-20,2025-05-23,Data Correction,Southwest,Closed,3.8,False
OPS-100946,2025-05-20,2025-05-27,Dispute Resolution,Southeast,Closed,7.75,True
OPS-102105,2025-05-20,2025-05-20,Account Setup,Southwest,Closed,0.12,False
OPS-101203,2025-05-20,2025-05-24,Renewal Processing,Southwest,Closed,4.5,False
OPS-100452,2025-05-20,2025-05-21,Data Correction,Southeast,Closed,1.69,False
OPS-101744,2025-05-20,2025-05-23,Billing Inquiry,Midwest,Closed,3.92,False
OPS-102106,2025-05-21,2025-05-22,Eligibility Check,West,Closed,1.9,False
OPS-101927,2025-05-21,2025-05-25,Eligibility Check,West,Closed,4.18,False
OPS-101934,2025-05-21,2025-05-26,Eligibility Check,Southeast,Closed,5.4,False
OPS-100637,2025-05-21,2025-05-21,Billing Inquiry,Midwest,Closed,0.39,False
OPS-101776,2025-05-21,2025-05-23,Account Setup,West,Closed,2.59,False
OPS-100760,2025-05-21,2025-05-24,Dispute Resolution,Midwest,Closed,3.93,False
OPS-101722,2025-05-21,2025-06-22,Documentation Review,Southeast,Closed,32.19,False
OPS-100105,2025-05-22,2025-05-30,Billing Inquiry,Southwest,Closed,8.28,False
OPS-102088,2025-05-22,2025-05-23,Renewal Processing,Southeast,Closed,1.84,False
OPS-100214,2025-05-22,2025-05-25,Eligibility Check,West,Closed,3.72,False
OPS-100386,2025-05-23,2025-05-26,Billing Inquiry,Northeast,Closed,3.5,False
OPS-100665,2025-05-23,2025-05-25,Account Setup,Southeast,Closed,2.34,False
OPS-100874,2025-05-23,2025-05-25,Data Correction,Midwest,Closed,2.24,False
OPS-100117,2025-05-23,2025-06-07,Dispute Resolution,Northeast,Closed,15.13,False
OPS-101031,2025-05-23,2025-05-27,Account Setup,West,Closed,4.01,False
OPS-100603,2025-05-24,2025-05-24,Service Request,Midwest,Closed,0.67,False
OPS-102192,2025-05-24,2025-05-26,Eligibility Check,West,Closed,2.74,False
OPS-101468,2025-05-25,2025-06-09,Documentation Review,Southeast,Closed,15.7,False
OPS-101699,2025-05-25,2025-05-29,Billing Inquiry,West,Closed,4.87,False
OPS-100086,2025-05-25,2025-05-27,Data Correction,Southwest,Closed,2.23,False
OPS-101917,2025-05-26,2025-05-27,Data Correction,Southeast,Closed,1.39,False
OPS-101298,2025-05-26,2025-05-29,Documentation Review,Southwest,Closed,3.5,False
OPS-100798,2025-05-26,2025-06-01,Renewal Processing,Midwest,Closed,6.84,False
OPS-101676,2025-05-27,2025-05-27,Account Setup,Southwest,Closed,0.7,False
OPS-100834,2025-05-27,2025-05-29,Renewal Processing,Southwest,Closed,2.3,False
OPS-100337,2025-05-27,2025-06-10,Documentation Review,Midwest,Closed,14.27,False
OPS-101008,2025-05-27,2025-05-28,Account Setup,Northeast,Closed,1.05,False
OPS-100158,2025-05-27,2025-06-05,Renewal Processing,Midwest,Closed,9.63,False
OPS-101133,2025-05-27,2025-05-29,Billing Inquiry,Southeast,Closed,2.3,False
OPS-101966,2025-05-28,2025-05-31,Account Setup,West,Closed,3.21,False
OPS-101639,2025-05-28,2025-05-29,Billing Inquiry,Northeast,Closed,1.37,True
OPS-100861,2025-05-28,2025-05-31,Eligibility Check,Midwest,Closed,3.83,True
OPS-100379,2025-05-28,2025-06-05,Renewal Processing,West,Closed,8.65,False
OPS-101972,2025-05-29,2025-06-03,Renewal Processing,Southwest,Closed,5.54,False
OPS-100615,2025-05-29,2025-06-02,Eligibility Check,Midwest,Closed,4.34,False
OPS-100856,2025-05-29,2025-06-05,Service Request,West,Closed,7.86,False
OPS-101978,2025-05-29,2025-05-31,Service Request,Southeast,Closed,2.75,False
OPS-101839,2025-05-29,2025-05-29,Data Correction,Southeast,Closed,0.38,False
OPS-100608,2025-05-29,2025-06-01,Billing Inquiry,Southeast,Closed,3.48,False
OPS-100442,2025-05-30,2025-06-03,Service Request,Southwest,Closed,4.68,False
OPS-101199,2025-05-30,2025-06-01,Service Request,Southwest,Closed,2.24,False
OPS-100500,2025-05-30,2025-06-01,Service Request,Southeast,Closed,2.5,False
OPS-100929,2025-05-30,2025-06-07,Renewal Processing,Southwest,Closed,8.58,False
OPS-101693,2025-05-30,2025-06-10,Eligibility Check,Midwest,Closed,11.68,False
OPS-100330,2025-05-30,2025-06-24,Service Request,Midwest,Closed,25.23,False
OPS-101506,2025-05-30,2025-05-30,Billing Inquiry,Southwest,Closed,0.6,False
OPS-101824,2025-05-31,2025-06-06,Dispute Resolution,West,Closed,6.88,False
OPS-101028,2025-05-31,2025-06-13,Service Request,West,Closed,12.98,False
OPS-101171,2025-05-31,2025-06-04,Account Setup,Southeast,Closed,4.31,False
OPS-100800,2025-05-31,2025-06-01,Data Correction,Midwest,Closed,1.79,True
OPS-100215,2025-06-01,2025-06-06,Account Setup,Northeast,Closed,5.37,False
OPS-101964,2025-06-01,2025-06-02,Service Request,West,Closed,1.4,False
OPS-100640,2025-06-01,,Dispute Resolution,Midwest,Open,,False
OPS-100860,2025-06-02,2025-06-08,Service Request,Northeast,Closed,6.43,False
OPS-100982,2025-06-02,2025-06-04,Eligibility Check,West,Closed,1.96,True
OPS-100696,2025-06-02,2025-06-14,Renewal Processing,Southeast,Closed,12.38,False
OPS-101318,2025-06-03,2025-06-10,Eligibility Check,Midwest,Closed,7.82,False
OPS-101085,2025-06-03,2025-06-06,Service Request,Midwest,Closed,3.55,False
OPS-101746,2025-06-03,2025-06-05,Billing Inquiry,West,Closed,2.22,True
OPS-101680,2025-06-03,2025-06-05,Service Request,Southeast,Closed,2.62,False
OPS-101812,2025-06-03,2025-06-05,Renewal Processing,Northeast,Closed,2.43,False
OPS-100030,2025-06-03,2025-06-05,Billing Inquiry,West,Closed,2.69,False
OPS-100438,2025-06-03,2025-06-07,Data Correction,Southwest,Closed,4.45,False
OPS-101509,2025-06-03,2025-06-10,Dispute Resolution,Northeast,Closed,7.34,False
OPS-100517,2025-06-03,2025-06-07,Renewal Processing,Midwest,Closed,4.29,False
OPS-100870,2025-06-03,2025-06-04,Account Setup,Southwest,Closed,1.37,False
OPS-101625,2025-06-04,2025-06-09,Eligibility Check,West,Closed,5.14,False
OPS-100255,2025-06-04,2025-06-07,Eligibility Check,Southwest,Closed,3.16,False
OPS-101513,2025-06-04,2025-06-20,Dispute Resolution,Southeast,Closed,16.88,False
OPS-101537,2025-06-04,2025-06-04,Dispute Resolution,Northeast,Closed,0.63,False
OPS-100188,2025-06-04,2025-06-08,Dispute Resolution,Northeast,Closed,4.92,False
OPS-102100,2025-06-04,2025-06-16,Eligibility Check,Northeast,Closed,12.31,False
OPS-101735,2025-06-04,2025-06-04,Billing Inquiry,West,Closed,0.7,False
OPS-101732,2025-06-05,2025-06-11,Eligibility Check,Southwest,Closed,6.0,False
OPS-100991,2025-06-05,2025-06-09,Account Setup,Midwest,Closed,4.19,False
OPS-101021,2025-06-05,2025-06-06,Data Correction,Northeast,Closed,1.84,False
OPS-101682,2025-06-05,2025-06-06,Service Request,West,Closed,1.62,False
OPS-100616,2025-06-05,2025-06-07,Billing Inquiry,Midwest,Closed,2.39,False
OPS-101883,2025-06-05,2025-06-06,Billing Inquiry,Northeast,Closed,1.03,False
OPS-101146,2025-06-05,2025-06-12,Dispute Resolution,Southwest,Closed,7.61,False
OPS-100179,2025-06-05,2025-06-06,Service Request,Midwest,Closed,1.47,True
OPS-101175,2025-06-05,2025-06-05,Documentation Review,Northeast,Closed,0.09,True
OPS-100894,2025-06-06,2025-06-09,Eligibility Check,Northeast,Closed,3.87,False
OPS-101180,2025-06-06,2025-06-08,Billing Inquiry,Midwest,Closed,2.02,False
OPS-101173,2025-06-06,2025-06-08,Billing Inquiry,Southwest,Closed,2.0,True
OPS-101547,2025-06-06,2025-06-06,Data Correction,Northeast,Closed,0.91,False
OPS-100688,2025-06-06,2025-06-07,Account Setup,Midwest,Closed,1.82,False
OPS-101995,2025-06-06,2025-06-09,Eligibility Check,Southeast,Closed,3.07,True
OPS-101256,2025-06-07,2025-06-16,Renewal Processing,Southwest,Closed,9.14,False
OPS-101640,2025-06-07,2025-06-10,Service Request,Midwest,Closed,3.72,False
OPS-100548,2025-06-08,2025-06-17,Eligibility Check,Northeast,Closed,9.29,False
OPS-101302,2025-06-08,2025-06-18,Account Setup,West,Closed,10.24,False
OPS-101853,2025-06-09,2025-06-17,Eligibility Check,Southwest,Closed,8.33,False
OPS-100836,2025-06-09,2025-06-10,Service Request,West,Closed,1.21,False
OPS-100116,2025-06-09,2025-06-09,Billing Inquiry,Southeast,Closed,0.09,False
OPS-100020,2025-06-09,2025-06-15,Documentation Review,Midwest,Closed,6.61,False
OPS-102131,2025-06-09,2025-06-11,Renewal Processing,West,Closed,2.88,False
OPS-101210,2025-06-09,2025-06-12,Service Request,Southwest,Closed,3.19,False
OPS-100601,2025-06-10,2025-06-18,Eligibility Check,West,Closed,8.09,False
OPS-101672,2025-06-10,2025-06-11,Account Setup,Southwest,Closed,1.23,False
OPS-100006,2025-06-10,2025-06-10,Service Request,Midwest,Closed,0.55,False
OPS-100933,2025-06-10,2025-06-11,Account Setup,Southeast,Closed,1.4,False
OPS-101523,2025-06-10,2025-06-23,Documentation Review,West,Closed,13.5,False
OPS-101816,2025-06-10,2025-06-12,Billing Inquiry,West,Closed,2.0,False
OPS-101849,2025-06-10,2025-06-11,Service Request,Northeast,Closed,1.88,False
OPS-101891,2025-06-10,2025-06-25,Dispute Resolution,Northeast,Closed,14.95,False
OPS-100370,2025-06-11,2025-06-12,Account Setup,Midwest,Closed,1.35,False
OPS-100566,2025-06-11,2025-06-24,Eligibility Check,Southeast,Closed,13.77,False
OPS-102039,2025-06-11,2025-06-12,Service Request,Southeast,Closed,1.15,False
OPS-101555,2025-06-11,2025-06-13,Documentation Review,Northeast,Closed,2.49,False
OPS-101087,2025-06-11,2025-06-15,Documentation Review,West,Closed,4.86,False
OPS-100356,2025-06-11,2025-06-12,Account Setup,West,Closed,1.57,False
OPS-101952,2025-06-11,2025-06-20,Documentation Review,Southeast,Closed,9.87,False
OPS-101790,2025-06-12,2025-06-19,Renewal Processing,West,Closed,7.59,False
OPS-100063,2025-06-12,2025-06-13,Account Setup,West,Closed,1.4,False
OPS-102142,2025-06-12,2025-06-13,Service Request,Southwest,Closed,1.16,False
OPS-102138,2025-06-12,2025-06-15,Eligibility Check,Southwest,Closed,3.11,False
OPS-101086,2025-06-12,2025-06-12,Service Request,Southwest,Closed,0.9,False
OPS-100910,2025-06-12,,Billing Inquiry,Northeast,Open,,False
OPS-100573,2025-06-13,2025-06-15,Account Setup,Southeast,Closed,2.2,False
OPS-101838,2025-06-13,2025-06-15,Documentation Review,Southwest,Closed,2.1,False
OPS-100159,2025-06-13,2025-06-13,Account Setup,West,Closed,0.77,False
OPS-101715,2025-06-14,2025-06-18,Billing Inquiry,Midwest,Closed,4.13,True
OPS-102152,2025-06-14,2025-06-19,Service Request,West,Closed,5.38,False
OPS-101460,2025-06-14,2025-06-16,Billing Inquiry,Northeast,Closed,2.25,False
OPS-102148,2025-06-14,2025-06-14,Eligibility Check,West,Closed,0.38,False
OPS-100431,2025-06-15,2025-06-15,Eligibility Check,Southeast,Closed,0.68,False
OPS-101612,2025-06-15,2025-06-16,Service Request,West,Closed,1.7,False
OPS-100528,2025-06-15,2025-06-20,Documentation Review,Midwest,Closed,5.93,False
OPS-100184,2025-06-15,2025-06-26,Account Setup,Southeast,Closed,11.5,False
OPS-101771,2025-06-16,2025-06-17,Account Setup,Northeast,Closed,1.6,False
OPS-100778,2025-06-16,2025-06-18,Service Request,Northeast,Closed,2.49,False
OPS-100934,2025-06-16,2025-06-24,Dispute Resolution,Southeast,Closed,8.12,False
OPS-100638,2025-06-16,2025-06-19,Documentation Review,Southeast,Closed,3.34,False
OPS-100366,2025-06-16,2025-06-18,Account Setup,Southwest,Closed,2.89,False
OPS-102137,2025-06-16,2025-06-17,Account Setup,Midwest,Closed,1.52,False
OPS-100000,2025-06-16,2025-06-17,Account Setup,Southwest,Closed,1.29,False
OPS-101330,2025-06-16,2025-06-18,Account Setup,Southeast,Closed,2.83,False
OPS-101105,2025-06-16,2025-06-17,Account Setup,Southeast,Closed,1.08,False
OPS-101159,2025-06-16,2025-06-18,Service Request,West,Closed,2.9,False
OPS-100620,2025-06-17,2025-06-19,Billing Inquiry,Midwest,Closed,2.7,True
OPS-101611,2025-06-17,2025-06-23,Account Setup,Northeast,Closed,6.09,False
OPS-100200,2025-06-17,2025-06-20,Service Request,Midwest,Closed,3.88,False
OPS-101932,2025-06-17,2025-06-18,Documentation Review,Southeast,Closed,1.6,False
OPS-100956,2025-06-17,2025-06-19,Account Setup,Southeast,Closed,2.38,False
OPS-100417,2025-06-17,2025-06-18,Data Correction,Northeast,Closed,1.32,False
OPS-100104,2025-06-18,2025-06-22,Documentation Review,Southwest,Closed,4.9,False
OPS-100300,2025-06-18,2025-06-22,Account Setup,Southeast,Closed,4.77,False
OPS-100298,2025-06-18,2025-06-19,Data Correction,Midwest,Closed,1.57,False
OPS-101739,2025-06-18,2025-06-19,Account Setup,Midwest,Closed,1.68,False
OPS-100382,2025-06-18,2025-06-19,Account Setup,West,Closed,1.68,False
OPS-100024,2025-06-18,,Data Correction,Southwest,Open,,False
OPS-100748,2025-06-18,2025-06-18,Renewal Processing,West,Closed,0.19,False
OPS-101428,2025-06-18,2025-06-19,Service Request,Northeast,Closed,1.9,False
OPS-101047,2025-06-18,2025-06-18,Data Correction,West,Closed,0.79,False
OPS-100138,2025-06-19,2025-06-21,Service Request,West,Closed,2.77,False
OPS-100055,2025-06-19,2025-06-23,Eligibility Check,Northeast,Closed,4.93,False
OPS-101674,2025-06-19,2025-06-29,Renewal Processing,Southeast,Closed,10.13,False
OPS-101662,2025-06-19,2025-06-22,Service Request,Northeast,Closed,3.05,False
OPS-100344,2025-06-19,2025-06-26,Eligibility Check,West,Closed,7.08,False
OPS-101493,2025-06-19,,Eligibility Check,West,Open,,False
OPS-102035,2025-06-19,2025-06-22,Billing Inquiry,West,Closed,3.03,False
OPS-101536,2025-06-19,,Billing Inquiry,Southeast,Open,,False
OPS-100862,2025-06-19,2025-07-29,Billing Inquiry,Northeast,Closed,40.64,False
OPS-100402,2025-06-19,2025-06-19,Eligibility Check,Southeast,Closed,0.43,False
OPS-100605,2025-06-19,2025-06-26,Billing Inquiry,Southeast,Closed,7.25,False
OPS-102180,2025-06-20,2025-06-24,Eligibility Check,Midwest,Closed,4.75,False
OPS-100707,2025-06-20,2025-06-21,Account Setup,Midwest,Closed,1.42,False
OPS-100079,2025-06-20,2025-07-01,Service Request,Southeast,Closed,11.9,False
OPS-100007,2025-06-20,,Eligibility Check,Southeast,Open,,False
OPS-100458,2025-06-20,2025-06-21,Account Setup,Northeast,Closed,1.46,False
OPS-100237,2025-06-20,2025-06-27,Service Request,Southwest,Closed,7.21,False
OPS-101690,2025-06-21,2025-06-23,Account Setup,West,Closed,2.37,False
OPS-100494,2025-06-21,2025-06-22,Data Correction,Northeast,Closed,1.84,False
OPS-100052,2025-06-21,2025-07-02,Documentation Review,Midwest,Closed,11.18,False
OPS-101323,2025-06-21,2025-06-23,Documentation Review,Northeast,Closed,2.69,False
OPS-100714,2025-06-22,2025-06-27,Eligibility Check,Southwest,Closed,5.63,False
OPS-101141,2025-06-22,2025-06-23,Data Correction,Southwest,Closed,1.73,False
OPS-101710,2025-06-22,2025-07-05,Eligibility Check,Midwest,Closed,13.06,False
OPS-102041,2025-06-22,2025-06-24,Data Correction,Southeast,Closed,2.28,True
OPS-101117,2025-06-23,2025-06-24,Account Setup,Southeast,Closed,1.11,False
OPS-101576,2025-06-24,2025-06-26,Service Request,Midwest,Closed,2.52,False
OPS-100626,2025-06-24,2025-06-26,Eligibility Check,Midwest,Closed,2.51,False
OPS-100992,2025-06-24,2025-07-02,Eligibility Check,Northeast,Closed,8.71,False
OPS-101564,2025-06-24,2025-06-29,Account Setup,Midwest,Closed,5.78,False
OPS-100706,2025-06-24,2025-07-08,Renewal Processing,Northeast,Closed,14.3,False
OPS-100345,2025-06-25,2025-07-04,Documentation Review,Northeast,Closed,9.58,False
OPS-101415,2025-06-25,2025-06-30,Service Request,Southeast,Closed,5.41,False
OPS-101647,2025-06-25,2025-06-25,Service Request,Northeast,Closed,0.34,False
OPS-101350,2025-06-25,2025-06-26,Data Correction,Southwest,Closed,1.83,False
OPS-101781,2025-06-25,2025-06-27,Eligibility Check,Southeast,Closed,2.27,False
OPS-100841,2025-06-25,2025-07-06,Renewal Processing,Southwest,Closed,11.46,False
OPS-101697,2025-06-25,2025-07-01,Documentation Review,Northeast,Closed,6.12,False
OPS-100989,2025-06-25,2025-06-26,Billing Inquiry,Southwest,Closed,1.73,True
OPS-100241,2025-06-25,2025-06-27,Billing Inquiry,Northeast,Closed,2.67,True
OPS-100357,2025-06-26,2025-06-28,Billing Inquiry,Midwest,Closed,2.83,False
OPS-100788,2025-06-26,2025-06-28,Billing Inquiry,Midwest,Closed,2.0,False
OPS-101102,2025-06-26,2025-06-27,Billing Inquiry,Southeast,Closed,1.6,False
OPS-100867,2025-06-26,2025-08-13,Billing Inquiry,Southwest,Closed,48.07,False
OPS-101875,2025-06-26,2025-07-10,Documentation Review,Southwest,Closed,14.9,False
OPS-102153,2025-06-26,2025-06-28,Account Setup,Southeast,Closed,2.61,False
OPS-100429,2025-06-27,2025-07-01,Billing Inquiry,Southeast,Closed,4.79,False
OPS-100629,2025-06-27,2025-06-28,Dispute Resolution,Midwest,Closed,1.66,False
OPS-101450,2025-06-27,2025-06-28,Billing Inquiry,Midwest,Closed,1.3,False
OPS-100297,2025-06-27,2025-06-30,Billing Inquiry,Southwest,Closed,3.36,False
OPS-100425,2025-06-27,2025-07-05,Documentation Review,Southwest,Closed,8.9,False
OPS-100505,2025-06-27,2025-06-28,Eligibility Check,Northeast,Closed,1.31,False
OPS-100641,2025-06-27,2025-06-30,Documentation Review,Midwest,Closed,3.23,False
OPS-101147,2025-06-27,2025-06-28,Service Request,West,Closed,1.91,False
OPS-100342,2025-06-27,2025-07-08,Billing Inquiry,Northeast,Closed,11.17,False
OPS-101908,2025-06-28,2025-06-29,Renewal Processing,Southwest,Closed,1.14,False
OPS-101649,2025-06-28,2025-07-05,Billing Inquiry,Midwest,Closed,7.24,False
OPS-100235,2025-06-29,2025-07-05,Renewal Processing,Southeast,Closed,6.43,False
OPS-100213,2025-06-29,2025-06-30,Eligibility Check,Midwest,Closed,1.63,False
OPS-100326,2025-06-29,2025-07-05,Renewal Processing,West,Closed,6.23,False
OPS-100045,2025-06-29,2025-07-01,Billing Inquiry,Southwest,Closed,2.67,False
OPS-102143,2025-06-30,2025-07-03,Billing Inquiry,Northeast,Closed,3.21,True
OPS-101265,2025-06-30,2025-07-02,Dispute Resolution,Northeast,Closed,2.08,False
OPS-102102,2025-06-30,2025-07-02,Renewal Processing,Northeast,Closed,2.05,False
OPS-100666,2025-06-30,2025-07-03,Documentation Review,Southwest,Closed,3.84,False
OPS-101373,2025-07-01,2025-07-03,Eligibility Check,Southwest,Closed,2.33,False
OPS-101622,2025-07-01,2025-07-02,Eligibility Check,West,Closed,1.94,False
OPS-100167,2025-07-01,2025-07-05,Documentation Review,Southeast,Closed,4.48,False
OPS-101341,2025-07-02,2025-07-04,Eligibility Check,Southeast,Closed,2.31,False
OPS-102026,2025-07-02,2025-07-05,Service Request,Midwest,Closed,3.77,False
OPS-101933,2025-07-02,2025-07-10,Eligibility Check,Midwest,Closed,8.18,False
OPS-101753,2025-07-02,2025-07-02,Service Request,Midwest,Closed,0.56,False
OPS-101598,2025-07-02,2025-07-07,Documentation Review,Southeast,Closed,5.81,False
OPS-101504,2025-07-02,2025-07-03,Account Setup,West,Closed,1.67,False
OPS-100082,2025-07-03,2025-07-06,Billing Inquiry,Southeast,Closed,3.18,False
OPS-101603,2025-07-03,2025-07-10,Billing Inquiry,Northeast,Closed,7.9,False
OPS-101538,2025-07-03,2025-07-06,Dispute Resolution,West,Closed,3.6,False
OPS-100786,2025-07-03,2025-07-11,Account Setup,West,Closed,8.27,False
OPS-100712,2025-07-03,2025-07-09,Eligibility Check,Midwest,Closed,6.17,False
OPS-100256,2025-07-04,2025-07-06,Service Request,West,Closed,2.09,False
OPS-101097,2025-07-04,2025-07-06,Eligibility Check,Southwest,Closed,2.55,False
OPS-102195,2025-07-04,,Documentation Review,Southeast,Open,,False
OPS-100981,2025-07-05,2025-07-11,Billing Inquiry,Southeast,Closed,6.09,False
OPS-101168,2025-07-05,2025-07-07,Account Setup,Southeast,Closed,2.33,False
OPS-102186,2025-07-05,2025-07-08,Billing Inquiry,West,Closed,3.85,False
OPS-101257,2025-07-06,,Renewal Processing,Midwest,Open,,False
OPS-101491,2025-07-07,2025-07-08,Service Request,West,Closed,1.4,False
OPS-101540,2025-07-07,2025-07-09,Billing Inquiry,Southwest,Closed,2.89,False
OPS-100013,2025-07-07,2025-07-14,Eligibility Check,West,Closed,7.43,False
OPS-101143,2025-07-07,2025-07-10,Account Setup,Northeast,Closed,3.16,False
OPS-101681,2025-07-07,2025-07-10,Renewal Processing,Northeast,Closed,3.71,False
OPS-100631,2025-07-07,2025-07-15,Eligibility Check,Northeast,Closed,8.62,False
OPS-100396,2025-07-08,2025-07-13,Account Setup,West,Closed,5.3,False
OPS-100261,2025-07-08,2025-07-10,Service Request,Southwest,Closed,2.53,False
OPS-101944,2025-07-08,,Eligibility Check,West,Open,,False
OPS-101185,2025-07-08,,Service Request,Southwest,Open,,False
OPS-101162,2025-07-08,2025-07-09,Service Request,Southwest,Closed,1.48,False
OPS-101166,2025-07-08,2025-07-08,Service Request,Southwest,Closed,0.87,False
OPS-102177,2025-07-08,2025-07-12,Billing Inquiry,Midwest,Closed,4.22,False
OPS-100018,2025-07-09,2025-07-15,Renewal Processing,Southwest,Closed,6.49,True
OPS-101304,2025-07-09,2025-07-16,Service Request,Midwest,Closed,6.95,False
OPS-101769,2025-07-09,2025-07-11,Account Setup,Northeast,Closed,2.81,False
OPS-100519,2025-07-09,2025-07-11,Eligibility Check,Northeast,Closed,2.5,False
OPS-100150,2025-07-09,2025-07-10,Account Setup,Northeast,Closed,1.72,False
OPS-101211,2025-07-09,2025-07-10,Account Setup,Midwest,Closed,1.43,False
OPS-101814,2025-07-10,2025-07-17,Service Request,Midwest,Closed,7.4,False
OPS-101719,2025-07-10,2025-07-11,Documentation Review,Northeast,Closed,1.11,True
OPS-100166,2025-07-10,2025-07-10,Billing Inquiry,Southwest,Closed,0.69,False
OPS-100240,2025-07-10,2025-07-14,Renewal Processing,Southwest,Closed,4.26,False
OPS-101410,2025-07-10,2025-07-11,Service Request,Southeast,Closed,1.07,False
OPS-101202,2025-07-10,2025-07-21,Eligibility Check,Midwest,Closed,11.2,False
OPS-100193,2025-07-11,2025-07-17,Account Setup,Midwest,Closed,6.81,False
OPS-101869,2025-07-11,2025-07-12,Billing Inquiry,Southeast,Closed,1.16,False
OPS-100041,2025-07-11,2025-07-14,Account Setup,Southeast,Closed,3.77,False
OPS-100290,2025-07-11,2025-07-21,Renewal Processing,Midwest,Closed,10.93,True
OPS-100044,2025-07-11,2025-07-16,Documentation Review,Midwest,Closed,5.7,False
OPS-101122,2025-07-11,2025-07-13,Service Request,Southwest,Closed,2.16,False
OPS-101142,2025-07-11,2025-07-16,Account Setup,West,Closed,5.19,False
OPS-101594,2025-07-12,2025-07-13,Service Request,Southeast,Closed,1.72,False
OPS-101394,2025-07-13,2025-07-15,Account Setup,West,Closed,2.28,False
OPS-101614,2025-07-13,2025-07-13,Documentation Review,Southeast,Closed,0.55,False
OPS-100539,2025-07-14,2025-07-19,Service Request,Southeast,Closed,5.2,False
OPS-100507,2025-07-14,2025-07-16,Billing Inquiry,Northeast,Closed,2.53,False
OPS-101573,2025-07-14,2025-07-20,Data Correction,Northeast,Closed,6.34,False
OPS-101351,2025-07-14,2025-07-21,Eligibility Check,Southeast,Closed,7.06,False
OPS-100407,2025-07-14,2025-07-14,Billing Inquiry,Southwest,Closed,0.77,True
OPS-100433,2025-07-14,2025-07-15,Service Request,Northeast,Closed,1.62,False
OPS-101391,2025-07-14,2025-07-15,Billing Inquiry,Midwest,Closed,1.24,False
OPS-100824,2025-07-14,2025-07-17,Billing Inquiry,West,Closed,3.5,False
OPS-102182,2025-07-14,2025-07-16,Billing Inquiry,West,Closed,2.21,False
OPS-100542,2025-07-15,2025-07-19,Billing Inquiry,Midwest,Closed,4.91,False
OPS-101103,2025-07-15,2025-07-15,Renewal Processing,Southwest,Closed,0.29,True
OPS-100511,2025-07-16,2025-07-16,Billing Inquiry,West,Closed,0.79,False
OPS-101412,2025-07-16,2025-07-19,Service Request,West,Closed,3.39,False
OPS-101785,2025-07-16,2025-07-19,Account Setup,West,Closed,3.36,True
OPS-102000,2025-07-16,2025-07-19,Billing Inquiry,Midwest,Closed,2.96,False
OPS-102053,2025-07-16,2025-07-19,Eligibility Check,West,Closed,3.45,False
OPS-100749,2025-07-16,2025-07-16,Data Correction,Northeast,Closed,0.68,False
OPS-101083,2025-07-16,2025-07-17,Account Setup,Northeast,Closed,1.92,False
OPS-102139,2025-07-17,2025-07-20,Data Correction,Northeast,Closed,3.07,True
OPS-101017,2025-07-17,2025-07-19,Account Setup,Southwest,Closed,2.35,False
OPS-100294,2025-07-17,2025-07-18,Data Correction,Southeast,Closed,1.04,False
OPS-100571,2025-07-17,2025-07-25,Dispute Resolution,Southeast,Closed,8.81,False
OPS-100921,2025-07-17,2025-07-20,Billing Inquiry,Midwest,Closed,3.95,False
OPS-100562,2025-07-17,2025-07-18,Account Setup,West,Closed,1.94,True
OPS-101998,2025-07-17,2025-07-21,Billing Inquiry,Northeast,Closed,4.6,False
OPS-101666,2025-07-18,2025-07-20,Service Request,Southeast,Closed,2.74,False
OPS-100324,2025-07-18,2025-07-28,Renewal Processing,Northeast,Closed,10.49,False
OPS-101577,2025-07-18,2025-07-20,Account Setup,West,Closed,2.35,False
OPS-100941,2025-07-18,2025-07-21,Billing Inquiry,Midwest,Closed,3.19,False
OPS-101657,2025-07-18,2025-07-28,Documentation Review,Northeast,Closed,10.18,False
OPS-101854,2025-07-19,2025-07-20,Data Correction,Southeast,Closed,1.17,False
OPS-101967,2025-07-19,2025-07-23,Documentation Review,Northeast,Closed,4.91,False
OPS-100773,2025-07-19,2025-07-20,Renewal Processing,Southeast,Closed,1.73,False
OPS-101958,2025-07-19,2025-07-23,Eligibility Check,Midwest,Closed,4.38,False
OPS-101902,2025-07-19,2025-07-23,Eligibility Check,Midwest,Closed,3.98,False
OPS-100427,2025-07-19,2025-07-24,Documentation Review,Midwest,Closed,5.8,False
OPS-101888,2025-07-20,2025-07-20,Account Setup,West,Closed,0.5,False
OPS-100578,2025-07-20,2025-07-24,Billing Inquiry,Southwest,Closed,4.63,False
OPS-100389,2025-07-20,2025-07-23,Documentation Review,Southeast,Closed,3.15,False
OPS-100656,2025-07-21,2025-07-31,Service Request,Northeast,Closed,10.72,False
OPS-100279,2025-07-21,2025-07-27,Renewal Processing,Southeast,Closed,6.09,False
OPS-100654,2025-07-21,2025-07-31,Dispute Resolution,Southeast,Closed,10.11,False
OPS-102091,2025-07-21,2025-07-21,Account Setup,Southeast,Closed,0.62,False
OPS-101255,2025-07-21,2025-07-25,Dispute Resolution,Southeast,Closed,4.01,False
OPS-100775,2025-07-21,2025-07-22,Data Correction,Southwest,Closed,1.2,False
OPS-100927,2025-07-21,2025-07-22,Account Setup,Southwest,Closed,1.72,False
OPS-100072,2025-07-21,2025-07-29,Dispute Resolution,West,Closed,8.78,False
OPS-100947,2025-07-21,2025-07-24,Service Request,Midwest,Closed,3.78,False
OPS-101319,2025-07-21,2025-07-29,Dispute Resolution,Northeast,Closed,8.03,False
OPS-101665,2025-07-21,2025-07-23,Billing Inquiry,Midwest,Closed,2.21,False
OPS-100574,2025-07-21,2025-08-07,Dispute Resolution,Southeast,Closed,17.25,False
OPS-100440,2025-07-21,2025-07-22,Service Request,Southeast,Closed,1.87,False
OPS-101982,2025-07-21,2025-07-22,Service Request,Midwest,Closed,1.28,False
OPS-100779,2025-07-22,2025-07-23,Data Correction,Southwest,Closed,1.23,False
OPS-102073,2025-07-22,2025-07-23,Data Correction,West,Closed,1.21,True
OPS-101335,2025-07-22,2025-07-23,Dispute Resolution,Southeast,Closed,1.37,False
OPS-101074,2025-07-22,2025-07-23,Service Request,West,Closed,1.04,False
OPS-100304,2025-07-23,2025-07-25,Billing Inquiry,Southeast,Closed,2.83,False
OPS-100115,2025-07-23,2025-07-26,Billing Inquiry,Midwest,Closed,3.03,False
OPS-100002,2025-07-23,2025-07-24,Data Correction,Southwest,Closed,1.0,False
OPS-102155,2025-07-23,2025-07-29,Service Request,Midwest,Closed,5.96,False
OPS-100520,2025-07-23,2025-07-28,Eligibility Check,Southeast,Closed,5.49,False
OPS-101788,2025-07-23,2025-07-26,Renewal Processing,West,Closed,3.7,False
OPS-100645,2025-07-23,2025-07-24,Service Request,Southeast,Closed,1.24,False
OPS-101496,2025-07-23,2025-07-28,Billing Inquiry,Midwest,Closed,5.39,False
OPS-101865,2025-07-24,2025-07-26,Dispute Resolution,Southeast,Closed,2.27,False
OPS-102070,2025-07-24,2025-07-27,Renewal Processing,Southeast,Closed,3.28,False
OPS-101098,2025-07-24,2025-07-26,Eligibility Check,Southwest,Closed,2.9,False
OPS-101048,2025-07-24,2025-07-25,Data Correction,Southwest,Closed,1.08,True
OPS-101980,2025-07-24,2025-08-02,Dispute Resolution,Southeast,Closed,9.15,True
OPS-101240,2025-07-24,2025-07-29,Billing Inquiry,Midwest,Closed,5.85,True
OPS-100852,2025-07-24,2025-07-25,Service Request,West,Closed,1.75,True
OPS-100333,2025-07-24,2025-07-25,Account Setup,Southwest,Closed,1.56,False
OPS-101165,2025-07-24,2025-07-26,Billing Inquiry,Southeast,Closed,2.26,False
OPS-101631,2025-07-25,2025-07-28,Service Request,Midwest,Closed,3.95,False
OPS-100742,2025-07-25,2025-07-28,Data Correction,Southeast,Closed,3.74,False
OPS-101727,2025-07-26,,Data Correction,West,Open,,False
OPS-101452,2025-07-26,2025-07-27,Billing Inquiry,Southwest,Closed,1.91,False
OPS-100866,2025-07-27,2025-08-14,Documentation Review,Southwest,Closed,18.94,True
OPS-101278,2025-07-27,2025-08-09,Renewal Processing,West,Closed,13.02,False
OPS-100639,2025-07-27,2025-07-28,Account Setup,Northeast,Closed,1.66,False
OPS-100251,2025-07-28,2025-07-30,Dispute Resolution,Midwest,Closed,2.32,False
OPS-100245,2025-07-28,2025-07-30,Service Request,Southwest,Closed,2.81,False
OPS-101734,2025-07-28,2025-07-29,Eligibility Check,West,Closed,1.42,False
OPS-101408,2025-07-28,2025-08-02,Billing Inquiry,Southwest,Closed,5.8,False
OPS-101559,2025-07-28,2025-07-31,Billing Inquiry,Midwest,Closed,3.25,False
OPS-100606,2025-07-28,2025-07-29,Billing Inquiry,West,Closed,1.3,False
OPS-101669,2025-07-28,2025-07-31,Eligibility Check,Southwest,Closed,3.73,False
OPS-101377,2025-07-29,2025-08-04,Billing Inquiry,West,Closed,6.49,False
OPS-101579,2025-07-30,2025-08-04,Renewal Processing,Midwest,Closed,5.46,False
OPS-100828,2025-07-30,2025-07-31,Service Request,Southwest,Closed,1.24,False
OPS-101194,2025-07-30,2025-08-04,Dispute Resolution,West,Closed,5.65,False
OPS-100911,2025-07-31,2025-08-01,Billing Inquiry,West,Closed,1.53,False
OPS-100948,2025-07-31,2025-07-31,Data Correction,Southwest,Closed,0.81,False
OPS-101192,2025-07-31,2025-08-07,Renewal Processing,West,Closed,7.68,False
OPS-101354,2025-07-31,2025-07-31,Billing Inquiry,Midwest,Closed,0.27,False
OPS-101070,2025-07-31,2025-08-02,Renewal Processing,Southwest,Closed,2.45,False
OPS-101678,2025-07-31,2025-07-31,Account Setup,Southwest,Closed,0.87,False
OPS-101708,2025-07-31,2025-08-01,Eligibility Check,Midwest,Closed,1.78,False
OPS-100197,2025-07-31,2025-07-31,Billing Inquiry,West,Closed,0.43,False
OPS-100703,2025-07-31,2025-08-10,Renewal Processing,Midwest,Closed,10.64,False
OPS-100278,2025-07-31,2025-08-12,Documentation Review,Northeast,Closed,12.79,False
OPS-101151,2025-08-01,2025-08-02,Account Setup,Midwest,Closed,1.57,True
OPS-100405,2025-08-01,2025-08-06,Account Setup,West,Closed,4.98,False
OPS-101325,2025-08-01,2025-08-05,Documentation Review,Southeast,Closed,4.12,False
OPS-102164,2025-08-01,2025-08-10,Dispute Resolution,Southeast,Closed,9.35,False
OPS-100857,2025-08-01,2025-08-06,Account Setup,Southwest,Closed,5.61,False
OPS-101338,2025-08-01,2025-08-02,Account Setup,Southeast,Closed,1.54,False
OPS-100816,2025-08-02,2025-08-16,Renewal Processing,Midwest,Closed,14.25,True
OPS-100895,2025-08-03,2025-08-05,Account Setup,Southwest,Closed,2.78,False
OPS-101773,2025-08-04,2025-08-06,Billing Inquiry,Southwest,Closed,2.57,False
OPS-101522,2025-08-04,2025-08-05,Data Correction,Midwest,Closed,1.48,False
OPS-100451,2025-08-04,2025-08-07,Documentation Review,Southwest,Closed,3.76,False
OPS-101713,2025-08-04,2025-08-07,Documentation Review,Southwest,Closed,3.34,False
OPS-102005,2025-08-05,2025-08-09,Dispute Resolution,Southeast,Closed,4.56,False
OPS-100661,2025-08-05,2025-08-09,Eligibility Check,Southeast,Closed,4.48,False
OPS-100501,2025-08-05,2025-08-12,Eligibility Check,West,Closed,7.0,False
OPS-101119,2025-08-05,2025-08-12,Billing Inquiry,Southwest,Closed,7.38,False
OPS-101736,2025-08-05,2025-08-15,Documentation Review,Northeast,Closed,10.89,False
OPS-100802,2025-08-06,2025-08-07,Billing Inquiry,Northeast,Closed,1.37,False
OPS-100955,2025-08-06,2025-08-07,Billing Inquiry,Southwest,Closed,1.07,True
OPS-101752,2025-08-06,2025-08-13,Renewal Processing,West,Closed,7.12,False
OPS-101580,2025-08-06,2025-08-07,Account Setup,Southwest,Closed,1.2,False
OPS-100875,2025-08-06,2025-08-08,Renewal Processing,Northeast,Closed,2.8,False
OPS-101562,2025-08-06,2025-08-09,Account Setup,Midwest,Closed,3.07,False
OPS-100845,2025-08-06,2025-08-12,Renewal Processing,Southwest,Closed,6.35,False
OPS-101248,2025-08-06,2025-08-09,Billing Inquiry,Southeast,Closed,3.54,False
OPS-101020,2025-08-07,2025-08-08,Billing Inquiry,Southwest,Closed,0.99,False
OPS-101225,2025-08-07,2025-08-10,Eligibility Check,Southeast,Closed,3.47,False
OPS-100180,2025-08-07,2025-08-09,Data Correction,West,Closed,2.75,False
OPS-100178,2025-08-07,2025-08-09,Account Setup,Southwest,Closed,2.07,False
OPS-100023,2025-08-08,2025-08-14,Billing Inquiry,Northeast,Closed,6.2,False
OPS-101909,2025-08-08,2025-08-09,Eligibility Check,West,Closed,1.36,False
OPS-102140,2025-08-08,2025-08-09,Account Setup,Southeast,Closed,1.47,True
OPS-100181,2025-08-08,2025-08-08,Billing Inquiry,Midwest,Closed,0.94,False
OPS-102166,2025-08-08,2025-08-14,Eligibility Check,West,Closed,6.59,False
OPS-101222,2025-08-08,2025-08-15,Service Request,Southwest,Closed,7.69,False
OPS-101149,2025-08-08,2025-08-12,Documentation Review,Midwest,Closed,4.86,False
OPS-100651,2025-08-08,2025-08-19,Documentation Review,Southeast,Closed,11.18,False
OPS-101514,2025-08-08,2025-08-08,Data Correction,Midwest,Closed,0.92,False
OPS-100938,2025-08-09,2025-08-13,Dispute Resolution,West,Closed,4.33,False
OPS-101488,2025-08-09,2025-08-11,Service Request,Southeast,Closed,2.93,False
OPS-100151,2025-08-09,2025-08-13,Data Correction,Southwest,Closed,4.21,True
OPS-100691,2025-08-10,2025-08-13,Renewal Processing,Northeast,Closed,3.25,False
OPS-100815,2025-08-10,2025-08-10,Service Request,Midwest,Closed,0.73,False
OPS-100413,2025-08-10,2025-08-14,Dispute Resolution,West,Closed,4.82,False
OPS-102094,2025-08-11,2025-08-13,Data Correction,Midwest,Closed,2.93,False
OPS-101418,2025-08-11,2025-08-11,Billing Inquiry,Southwest,Closed,0.43,False
OPS-100369,2025-08-11,2025-08-12,Renewal Processing,Southwest,Closed,1.71,False
OPS-100602,2025-08-12,2025-08-14,Account Setup,West,Closed,2.07,False
OPS-101388,2025-08-12,2025-08-23,Dispute Resolution,Northeast,Closed,11.04,False
OPS-101758,2025-08-12,,Account Setup,Midwest,Open,,False
OPS-100912,2025-08-12,2025-08-19,Service Request,Midwest,Closed,7.31,False
OPS-100109,2025-08-12,2025-08-12,Data Correction,Midwest,Closed,0.83,False
OPS-100295,2025-08-12,2025-08-16,Eligibility Check,Southeast,Closed,4.63,False
OPS-100713,2025-08-12,2025-08-14,Service Request,Midwest,Closed,2.74,False
OPS-101912,2025-08-13,2025-08-15,Dispute Resolution,Southwest,Closed,2.39,False
OPS-101954,2025-08-13,2025-08-14,Service Request,Southwest,Closed,1.85,False
OPS-100865,2025-08-13,2025-08-23,Eligibility Check,Southwest,Closed,10.37,False
OPS-101851,2025-08-13,2025-08-15,Service Request,Northeast,Closed,2.63,False
OPS-101874,2025-08-13,2025-08-16,Account Setup,Southwest,Closed,3.2,False
OPS-100100,2025-08-14,2025-08-17,Renewal Processing,Northeast,Closed,2.95,False
OPS-101033,2025-08-14,2025-08-15,Account Setup,Southwest,Closed,1.55,False
OPS-100553,2025-08-14,2025-08-18,Account Setup,Northeast,Closed,4.71,False
OPS-101648,2025-08-14,2025-08-16,Billing Inquiry,Midwest,Closed,2.5,False
OPS-101563,2025-08-14,2025-08-16,Billing Inquiry,Southeast,Closed,2.89,False
OPS-100694,2025-08-14,2025-08-22,Renewal Processing,Midwest,Closed,8.82,False
OPS-100576,2025-08-15,2025-08-16,Service Request,Midwest,Closed,0.96,False
OPS-101794,2025-08-15,2025-08-21,Billing Inquiry,Southwest,Closed,6.61,False
OPS-100419,2025-08-15,2025-08-19,Renewal Processing,West,Closed,4.6,False
OPS-101056,2025-08-15,2025-08-19,Account Setup,Southeast,Closed,4.31,False
OPS-101446,2025-08-16,2025-08-20,Documentation Review,Southeast,Closed,4.24,False
OPS-100853,2025-08-16,2025-08-23,Dispute Resolution,Northeast,Closed,7.18,False
OPS-101081,2025-08-16,2025-08-16,Account Setup,West,Closed,0.95,False
OPS-101691,2025-08-17,2025-08-20,Service Request,Southwest,Closed,3.14,False
OPS-101600,2025-08-17,,Account Setup,West,Open,,False
OPS-100676,2025-08-18,2025-09-17,Billing Inquiry,Southeast,Closed,30.23,False
OPS-100973,2025-08-18,2025-08-22,Renewal Processing,Northeast,Closed,4.21,False
OPS-100320,2025-08-18,2025-08-26,Billing Inquiry,Southwest,Closed,8.2,False
OPS-101397,2025-08-18,2025-08-18,Data Correction,West,Closed,0.19,False
OPS-100161,2025-08-18,2025-08-20,Account Setup,Midwest,Closed,2.24,False
OPS-100781,2025-08-19,2025-08-21,Billing Inquiry,Midwest,Closed,2.88,False
OPS-100584,2025-08-19,2025-08-20,Billing Inquiry,Midwest,Closed,1.68,False
OPS-100401,2025-08-19,2025-08-21,Service Request,Southwest,Closed,2.27,False
OPS-100764,2025-08-19,2025-08-21,Billing Inquiry,West,Closed,2.22,False
OPS-101664,2025-08-19,2025-08-21,Renewal Processing,Southeast,Closed,2.29,False
OPS-101700,2025-08-19,2025-08-27,Account Setup,Northeast,Closed,8.19,False
OPS-101759,2025-08-20,2025-08-30,Documentation Review,Southwest,Closed,10.94,False
OPS-101006,2025-08-20,2025-08-21,Account Setup,West,Closed,1.28,False
OPS-101828,2025-08-20,2025-08-23,Eligibility Check,Southwest,Closed,3.65,False
OPS-100264,2025-08-20,2025-08-20,Billing Inquiry,Southwest,Closed,0.92,False
OPS-100985,2025-08-20,2025-08-21,Account Setup,Midwest,Closed,1.18,False
OPS-100502,2025-08-20,2025-08-27,Documentation Review,Midwest,Closed,7.62,False
OPS-100630,2025-08-21,2025-08-23,Billing Inquiry,Northeast,Closed,2.15,False
OPS-100292,2025-08-21,2025-08-22,Account Setup,Southwest,Closed,1.57,False
OPS-100994,2025-08-21,2025-08-24,Service Request,West,Closed,3.37,False
OPS-101637,2025-08-21,2025-08-23,Account Setup,Southeast,Closed,2.33,False
OPS-101949,2025-08-21,2025-08-27,Documentation Review,Southwest,Closed,6.91,False
OPS-101311,2025-08-21,2025-08-24,Service Request,Southeast,Closed,3.23,False
OPS-101082,2025-08-21,2025-08-22,Billing Inquiry,Southeast,Closed,0.97,False
OPS-100131,2025-08-21,2025-08-22,Documentation Review,Northeast,Closed,1.28,False
OPS-100225,2025-08-21,2025-08-24,Dispute Resolution,West,Closed,3.29,False
OPS-100218,2025-08-22,2025-08-25,Account Setup,Northeast,Closed,3.59,True
OPS-101284,2025-08-22,2025-08-23,Service Request,Northeast,Closed,1.3,False
OPS-101820,2025-08-22,2025-08-23,Billing Inquiry,Southeast,Closed,1.0,False
OPS-100590,2025-08-22,2025-08-23,Data Correction,Southeast,Closed,1.27,False
OPS-100011,2025-08-22,2025-08-25,Eligibility Check,Midwest,Closed,3.71,False
OPS-102115,2025-08-22,2025-08-25,Service Request,Southwest,Closed,3.0,False
OPS-101985,2025-08-22,2025-08-25,Data Correction,West,Closed,3.65,False
OPS-101945,2025-08-22,2025-08-27,Billing Inquiry,Northeast,Closed,5.27,False
OPS-100430,2025-08-22,2025-08-22,Account Setup,Midwest,Closed,0.84,True
OPS-101305,2025-08-22,2025-08-25,Service Request,Midwest,Closed,3.76,False
OPS-102133,2025-08-23,2025-08-27,Eligibility Check,Southwest,Closed,4.54,False
OPS-102145,2025-08-23,2025-08-26,Renewal Processing,West,Closed,3.95,False
OPS-102043,2025-08-23,2025-08-25,Eligibility Check,Midwest,Closed,2.22,False
OPS-100757,2025-08-24,2025-08-24,Account Setup,Southeast,Closed,0.66,False
OPS-101249,2025-08-24,2025-08-25,Data Correction,Southwest,Closed,1.24,False
OPS-102065,2025-08-24,2025-08-27,Eligibility Check,Southwest,Closed,3.75,False
OPS-101947,2025-08-24,2025-08-29,Service Request,Midwest,Closed,5.01,False
OPS-102189,2025-08-24,2025-08-28,Service Request,West,Closed,4.44,False
OPS-101556,2025-08-24,2025-08-26,Billing Inquiry,Northeast,Closed,2.12,False
OPS-100234,2025-08-25,2025-08-29,Service Request,West,Closed,3.96,False
OPS-100360,2025-08-25,2025-09-02,Service Request,Southwest,Closed,8.02,False
OPS-101430,2025-08-25,2025-08-27,Account Setup,Northeast,Closed,2.49,False
OPS-101113,2025-08-25,2025-08-29,Service Request,West,Closed,4.81,False
OPS-101866,2025-08-25,2025-08-28,Billing Inquiry,Midwest,Closed,3.33,False
OPS-101285,2025-08-25,2025-08-27,Dispute Resolution,Southeast,Closed,2.28,False
OPS-100173,2025-08-26,2025-08-28,Billing Inquiry,Southwest,Closed,2.53,False
OPS-100882,2025-08-26,2025-08-26,Service Request,Midwest,Closed,0.77,False
OPS-100339,2025-08-26,2025-09-03,Eligibility Check,Midwest,Closed,8.02,False
OPS-101390,2025-08-26,2025-08-26,Data Correction,Northeast,Closed,0.91,True
OPS-101073,2025-08-26,2025-08-30,Service Request,Southeast,Closed,4.82,False
OPS-101228,2025-08-26,2025-08-28,Renewal Processing,Southwest,Closed,2.22,True
OPS-102103,2025-08-27,2025-09-01,Documentation Review,Midwest,Closed,5.12,False
OPS-101470,2025-08-27,2025-08-29,Documentation Review,West,Closed,2.05,False
OPS-100381,2025-08-27,,Data Correction,Southeast,Open,,False
OPS-100142,2025-08-27,2025-08-30,Dispute Resolution,West,Closed,3.04,False
OPS-101438,2025-08-27,2025-08-27,Data Correction,Midwest,Closed,0.56,False
OPS-101675,2025-08-27,2025-09-01,Documentation Review,Northeast,Closed,5.01,False
OPS-100190,2025-08-27,2025-08-28,Service Request,Northeast,Closed,1.19,False
OPS-101585,2025-08-27,2025-09-10,Renewal Processing,Northeast,Closed,14.01,False
OPS-100376,2025-08-27,2025-08-30,Service Request,Northeast,Closed,3.22,False
OPS-100954,2025-08-28,2025-09-02,Billing Inquiry,Midwest,Closed,5.08,False
OPS-100936,2025-08-28,2025-08-29,Data Correction,Southeast,Closed,1.78,False
OPS-101843,2025-08-28,2025-08-30,Renewal Processing,Southwest,Closed,2.33,False
OPS-100467,2025-08-28,2025-08-29,Account Setup,Southeast,Closed,1.82,False
OPS-102036,2025-08-29,2025-09-04,Documentation Review,Midwest,Closed,6.49,True
OPS-101654,2025-08-29,2025-08-31,Service Request,Northeast,Closed,2.07,False
OPS-101977,2025-08-29,2025-09-02,Renewal Processing,Midwest,Closed,4.28,False
OPS-101413,2025-08-29,2025-08-31,Data Correction,Northeast,Closed,2.5,False
OPS-101309,2025-08-30,2025-08-30,Billing Inquiry,West,Closed,0.69,False
OPS-102060,2025-08-30,2025-09-03,Renewal Processing,Northeast,Closed,4.16,False
OPS-101730,2025-08-30,2025-09-08,Eligibility Check,Southeast,Closed,9.27,False
OPS-101458,2025-08-31,2025-09-02,Data Correction,Midwest,Closed,2.33,False
OPS-100462,2025-08-31,2025-09-04,Documentation Review,Northeast,Closed,4.85,False
OPS-100346,2025-08-31,2025-09-06,Renewal Processing,Southwest,Closed,6.35,False
OPS-101026,2025-09-01,2025-09-03,Service Request,West,Closed,2.48,False
OPS-101592,2025-09-01,2025-09-02,Account Setup,Southwest,Closed,1.18,False
OPS-101371,2025-09-01,2025-09-05,Account Setup,Midwest,Closed,4.77,False
OPS-101453,2025-09-01,2025-09-02,Billing Inquiry,Midwest,Closed,1.5,False
OPS-101263,2025-09-01,2025-09-01,Billing Inquiry,West,Closed,0.79,False
OPS-100319,2025-09-01,2025-09-01,Billing Inquiry,Southwest,Closed,0.33,True
OPS-100387,2025-09-02,2025-09-03,Billing Inquiry,Southeast,Closed,1.4,False
OPS-101013,2025-09-02,2025-09-05,Service Request,West,Closed,3.14,False
OPS-102002,2025-09-02,2025-09-03,Account Setup,Southeast,Closed,1.89,False
OPS-100964,2025-09-02,2025-09-04,Service Request,Southwest,Closed,2.56,False
OPS-100169,2025-09-02,2025-09-04,Eligibility Check,West,Closed,2.08,False
OPS-101060,2025-09-02,2025-09-03,Account Setup,Midwest,Closed,1.34,False
OPS-101950,2025-09-02,2025-09-05,Billing Inquiry,Midwest,Closed,3.38,False
OPS-100915,2025-09-02,2025-09-08,Service Request,Southwest,Closed,5.98,False
OPS-100891,2025-09-03,2025-09-08,Renewal Processing,Southeast,Closed,5.15,False
OPS-100966,2025-09-03,2025-09-07,Account Setup,Southeast,Closed,4.77,False
OPS-101919,2025-09-03,2025-09-06,Eligibility Check,West,Closed,3.79,False
OPS-101517,2025-09-03,2025-09-03,Data Correction,Midwest,Closed,0.76,False
OPS-100719,2025-09-03,2025-09-05,Service Request,West,Closed,2.37,False
OPS-100223,2025-09-03,2025-09-06,Account Setup,Midwest,Closed,3.52,False
OPS-100136,2025-09-04,2025-09-04,Data Correction,West,Closed,0.51,False
OPS-100341,2025-09-04,2025-09-18,Documentation Review,Southeast,Closed,14.87,False
OPS-100526,2025-09-04,2025-09-14,Dispute Resolution,Northeast,Closed,10.51,False
OPS-101743,2025-09-04,2025-09-05,Service Request,West,Closed,0.99,False
OPS-100687,2025-09-04,2025-09-08,Renewal Processing,Southeast,Closed,4.66,False
OPS-101384,2025-09-04,2025-09-05,Renewal Processing,West,Closed,1.73,False
OPS-100849,2025-09-05,2025-09-09,Billing Inquiry,Midwest,Closed,4.02,False
OPS-100904,2025-09-05,2025-09-07,Service Request,Northeast,Closed,2.58,False
OPS-100099,2025-09-05,2025-09-22,Dispute Resolution,Northeast,Closed,17.6,False
OPS-101831,2025-09-05,2025-09-09,Documentation Review,Southeast,Closed,4.93,False
OPS-101698,2025-09-05,2025-09-08,Account Setup,Southwest,Closed,3.08,False
OPS-101501,2025-09-05,2025-09-08,Billing Inquiry,Southwest,Closed,3.23,False
OPS-100723,2025-09-05,2025-09-07,Service Request,Midwest,Closed,2.15,False
OPS-101334,2025-09-06,2025-10-07,Service Request,Northeast,Closed,31.79,False
OPS-100604,2025-09-06,2025-09-07,Account Setup,Southwest,Closed,1.64,False
OPS-101606,2025-09-07,,Service Request,Southeast,Open,,False
OPS-101406,2025-09-07,2025-09-10,Account Setup,West,Closed,3.85,False
OPS-100031,2025-09-08,2025-09-12,Service Request,Southwest,Closed,4.59,False
OPS-100232,2025-09-08,2025-09-09,Service Request,Southwest,Closed,1.77,False
OPS-102181,2025-09-08,,Billing Inquiry,Southeast,Open,,False
OPS-101333,2025-09-08,,Billing Inquiry,Southwest,Open,,True
OPS-101402,2025-09-09,,Eligibility Check,West,Open,,False
OPS-102179,2025-09-09,2025-09-10,Account Setup,Southwest,Closed,0.99,False
OPS-101270,2025-09-09,2025-09-14,Documentation Review,Southeast,Closed,5.88,False
OPS-100103,2025-09-09,2025-09-11,Eligibility Check,West,Closed,2.28,False
OPS-100022,2025-09-09,2025-09-18,Documentation Review,Southwest,Closed,9.16,False
OPS-100612,2025-09-09,2025-09-11,Service Request,West,Closed,2.25,False
OPS-102067,2025-09-09,2025-09-10,Data Correction,Midwest,Closed,1.26,False
OPS-101971,2025-09-09,2025-09-15,Service Request,Southwest,Closed,6.61,False
OPS-101955,2025-09-09,2025-09-10,Account Setup,Southwest,Closed,1.13,False
OPS-101953,2025-09-09,2025-09-12,Eligibility Check,Southeast,Closed,3.53,False
OPS-101419,2025-09-10,2025-09-12,Renewal Processing,West,Closed,2.02,False
OPS-100201,2025-09-10,2025-09-16,Dispute Resolution,Northeast,Closed,6.63,True
OPS-101757,2025-09-10,2025-09-14,Renewal Processing,Northeast,Closed,4.55,False
OPS-101193,2025-09-11,2025-09-17,Account Setup,Northeast,Closed,5.99,False
OPS-102076,2025-09-11,2025-09-17,Documentation Review,Northeast,Closed,5.99,False
OPS-101439,2025-09-11,2025-09-16,Eligibility Check,Midwest,Closed,5.38,False
OPS-101411,2025-09-11,2025-09-13,Billing Inquiry,Midwest,Closed,2.91,False
OPS-100005,2025-09-11,2025-09-15,Service Request,Northeast,Closed,4.53,False
OPS-101134,2025-09-11,2025-09-26,Documentation Review,Northeast,Closed,15.76,False
OPS-101435,2025-09-11,2025-09-14,Account Setup,Southwest,Closed,3.57,False
OPS-101374,2025-09-11,,Billing Inquiry,West,Open,,False
OPS-101065,2025-09-11,2025-09-13,Billing Inquiry,Southwest,Closed,2.86,False
OPS-100296,2025-09-12,2025-09-13,Eligibility Check,Northeast,Closed,1.12,False
OPS-101084,2025-09-12,2025-09-12,Billing Inquiry,Southeast,Closed,0.68,False
OPS-100624,2025-09-12,2025-09-20,Renewal Processing,Southeast,Closed,8.49,False
OPS-100456,2025-09-12,2025-09-18,Documentation Review,Midwest,Closed,6.42,False
OPS-101712,2025-09-12,2025-09-17,Data Correction,West,Closed,5.9,False
OPS-101267,2025-09-12,2025-09-13,Billing Inquiry,Midwest,Closed,1.3,False
OPS-100872,2025-09-12,,Data Correction,West,Open,,False
OPS-100446,2025-09-12,,Dispute Resolution,West,Open,,False
OPS-102056,2025-09-12,2025-09-14,Account Setup,Southwest,Closed,2.79,False
OPS-100598,2025-09-13,,Service Request,West,Open,,False
OPS-101486,2025-09-13,,Documentation Review,Southwest,Open,,False
OPS-101114,2025-09-13,,Billing Inquiry,Midwest,Open,,False
OPS-102044,2025-09-13,2025-09-16,Service Request,Southwest,Closed,3.93,False
OPS-100914,2025-09-14,2025-09-17,Eligibility Check,Southwest,Closed,3.7,False
OPS-101344,2025-09-14,2025-09-19,Billing Inquiry,Southeast,Closed,5.1,False
OPS-101634,2025-09-14,2025-09-15,Billing Inquiry,Southwest,Closed,1.39,False
OPS-100622,2025-09-15,,Account Setup,Midwest,Open,,False
OPS-100613,2025-09-15,2025-09-16,Account Setup,Northeast,Closed,1.58,False
OPS-101701,2025-09-15,,Data Correction,Midwest,Open,,False
OPS-101872,2025-09-15,2025-10-02,Documentation Review,Southeast,Closed,17.89,False
OPS-100784,2025-09-15,2025-09-16,Account Setup,Southwest,Closed,0.98,False
OPS-100913,2025-09-15,2025-09-16,Service Request,Midwest,Closed,1.81,False
OPS-100837,2025-09-15,2025-09-18,Account Setup,Midwest,Closed,3.27,False
OPS-101873,2025-09-15,2025-09-18,Billing Inquiry,Southwest,Closed,3.24,False
OPS-101988,2025-09-16,2025-09-18,Account Setup,Northeast,Closed,2.24,False
OPS-101705,2025-09-16,,Service Request,Southeast,Open,,False
OPS-102050,2025-09-16,,Documentation Review,Northeast,Open,,False
OPS-100980,2025-09-16,2025-09-21,Renewal Processing,Southeast,Closed,5.74,False
OPS-100540,2025-09-16,,Account Setup,Southwest,Open,,False
OPS-100385,2025-09-16,2025-09-27,Eligibility Check,Southwest,Closed,11.75,False
OPS-101766,2025-09-17,2025-09-18,Eligibility Check,Northeast,Closed,1.49,False
OPS-100809,2025-09-17,,Dispute Resolution,West,Open,,False
OPS-102132,2025-09-17,2025-09-21,Account Setup,Northeast,Closed,4.81,False
OPS-101862,2025-09-17,2025-09-19,Billing Inquiry,Southeast,Closed,2.26,False
OPS-100543,2025-09-17,2025-09-23,Dispute Resolution,Southeast,Closed,6.0,False
OPS-100177,2025-09-17,,Service Request,Southeast,Open,,False
OPS-101129,2025-09-17,,Billing Inquiry,Southeast,Open,,False
OPS-101187,2025-09-17,,Renewal Processing,Southeast,Open,,False
OPS-101022,2025-09-17,2025-10-01,Dispute Resolution,Southeast,Closed,14.88,False
OPS-101618,2025-09-18,,Service Request,Southwest,Open,,False
OPS-101578,2025-09-18,,Dispute Resolution,Southeast,Open,,False
OPS-101383,2025-09-18,2025-09-22,Dispute Resolution,Southwest,Closed,4.03,False
OPS-102147,2025-09-18,,Data Correction,Southeast,Open,,False
OPS-102107,2025-09-18,2025-09-25,Documentation Review,Northeast,Closed,7.27,False
OPS-100812,2025-09-18,,Dispute Resolution,Northeast,Open,,False
OPS-101477,2025-09-18,2025-09-19,Service Request,Southeast,Closed,1.88,False
OPS-100527,2025-09-18,,Account Setup,Northeast,Open,,False
OPS-100710,2025-09-18,2025-09-25,Service Request,Southeast,Closed,7.87,False
OPS-101861,2025-09-18,,Service Request,Southwest,Open,,False
OPS-100998,2025-09-18,2025-09-18,Account Setup,Southwest,Closed,0.91,False
OPS-100667,2025-09-19,,Eligibility Check,Southeast,Open,,False
OPS-101259,2025-09-19,2025-09-21,Dispute Resolution,Northeast,Closed,2.17,False
OPS-101108,2025-09-19,2025-09-22,Service Request,Southwest,Closed,3.53,False
OPS-100404,2025-09-19,,Account Setup,Southwest,Open,,False
OPS-100672,2025-09-19,2025-09-20,Account Setup,Southwest,Closed,1.69,False
OPS-101130,2025-09-20,,Renewal Processing,Southeast,Open,,False
OPS-101560,2025-09-20,,Renewal Processing,Midwest,Open,,False
OPS-100409,2025-09-20,,Documentation Review,Southwest,Open,,False
OPS-101855,2025-09-20,2025-09-21,Data Correction,West,Closed,1.44,False
